id_uni,nomb_uni,id_est,id_est-2,nom_est
2,UNIVERSIDAD CENTRAL DE VENEZUELA,1,1,DTTO. CAPITAL
3,UNIVERSIDAD CENTRAL DE VENEZUELA,4,4,EDO. ARAGUA
4,UNIVERSIDAD CENTRAL DE VENEZUELA,12,12,EDO. LARA
5,UNIVERSIDAD DE LOS ANDES,13,13,EDO. MERIDA
6,UNIVERSIDAD DE LOS ANDES,20,20,EDO . TRUJILLO
7,UNIVERSIDAD DE CARABOBO,7,7,EDO. CARABOBO
8,UNIVERSIDAD DEL ZULIA,23,23,EDO. ZULIA
9,UNIVERSIDAD CENTRO OCCIDENTAL LISANDRO ALVARADO,12,12,EDO. LARA
10,UNIVERSIDAD NACIONAL EXPERIMENTAL DE LOS LLANOS OCCIDENTALES EZEQUIEL ZAMORA,3,3,EDO. APURE
11,UNIVERSIDAD NACIONAL EXPERIMENTAL DE LOS LLANOS OCCIDENTALES EZEQUIEL ZAMORA,5,5,EDO. BARINAS
12,UNIVERSIDAD NACIONAL EXPERIMENTAL DE LOS LLANOS OCCIDENTALES EZEQUIEL ZAMORA,17,17,EDO. PORTUGUESA
13,UNIVERSIDAD NACIONAL ABIERTA,1,1,DTTO. CAPITAL
14,UNIVERSIDAD NACIONAL ABIERTA,2,2,EDO. ANZOATEGUI
15,UNIVERSIDAD NACIONAL ABIERTA,3,3,EDO. APURE
16,UNIVERSIDAD NACIONAL ABIERTA,4,4,EDO. ARAGUA
17,UNIVERSIDAD NACIONAL ABIERTA,5,5,EDO. BARINAS
18,UNIVERSIDAD NACIONAL ABIERTA,6,6,EDO. BOLIVAR
19,UNIVERSIDAD NACIONAL ABIERTA,7,7,EDO. CARABOBO
20,UNIVERSIDAD NACIONAL ABIERTA,8,8,EDO. COJEDES
21,UNIVERSIDAD NACIONAL ABIERTA,10,10,EDO. FALCON
22,UNIVERSIDAD NACIONAL ABIERTA,11,11,EDO. GUARICO
23,UNIVERSIDAD NACIONAL ABIERTA,12,12,EDO. LARA
1,UNIVERSIDAD NACIONAL ABIERTA,13,13,EDO. MERIDA
25,UNIVERSIDAD NACIONAL ABIERTA,14,14,EDO. MIRANDA
26,UNIVERSIDAD NACIONAL ABIERTA,15,15,EDO. MONAGAS
27,UNIVERSIDAD NACIONAL ABIERTA,16,16,EDO. NUEVA ESPARTA
28,UNIVERSIDAD NACIONAL ABIERTA,17,17,EDO. PORTUGUESA
29,UNIVERSIDAD NACIONAL ABIERTA,18,18,EDO. SUCRE
30,UNIVERSIDAD NACIONAL ABIERTA,19,19,EDO. TACHIRA
31,UNIVERSIDAD NACIONAL ABIERTA,20,20,EDO . TRUJILLO
32,UNIVERSIDAD NACIONAL ABIERTA,22,22,EDO. YARACUY
33,UNIVERSIDAD NACIONAL ABIERTA,23,23,EDO. ZULIA
34,UNIVERSIDAD NACIONAL ABIERTA,1,1,EDO. AMAZONAS
35,UNIVERSIDAD NACIONAL ABIERTA,9,9,EDO. DELTA AMACURO
36,UNIVERSIDAD NACIONAL ABIERTA,21,21,EDO. LA GUAIRA
37,UNIVERSIDAD NACIONAL EXPERIMENTAL FRANCISCO DE MIRANDA,7,7,EDO. CARABOBO
38,UNIVERSIDAD NACIONAL EXPERIMENTAL FRANCISCO DE MIRANDA,10,10,EDO. FALCON
39,UNIVERSIDAD PEDAGÓGICA EXPERIMENTAL LIBERTADOR,1,1,DTTO. CAPITAL
40,UNIVERSIDAD PEDAGÓGICA EXPERIMENTAL LIBERTADOR,4,4,EDO. ARAGUA
41,UNIVERSIDAD PEDAGÓGICA EXPERIMENTAL LIBERTADOR,12,12,EDO. LARA
42,UNIVERSIDAD PEDAGÓGICA EXPERIMENTAL LIBERTADOR,14,14,EDO. MIRANDA
43,UNIVERSIDAD PEDAGÓGICA EXPERIMENTAL LIBERTADOR,19,19,EDO. TACHIRA
44,UNIVERSIDAD NACIONAL EXPERIMENTAL DE GUAYANA,6,6,EDO. BOLIVAR
45,UNIVERSIDAD NACIONAL EXPERIMENTAL POLITÉCNICA DE LA FUERZA ARMADA NACIONAL,2,2,EDO. ANZOATEGUI
46,UNIVERSIDAD NACIONAL EXPERIMENTAL POLITÉCNICA DE LA FUERZA ARMADA NACIONAL,3,3,EDO. APURE
47,UNIVERSIDAD NACIONAL EXPERIMENTAL POLITÉCNICA DE LA FUERZA ARMADA NACIONAL,4,4,EDO. ARAGUA
48,UNIVERSIDAD NACIONAL EXPERIMENTAL POLITÉCNICA DE LA FUERZA ARMADA NACIONAL,5,5,EDO. BARINAS
49,UNIVERSIDAD NACIONAL EXPERIMENTAL POLITÉCNICA DE LA FUERZA ARMADA NACIONAL,6,6,EDO. BOLIVAR
50,UNIVERSIDAD NACIONAL EXPERIMENTAL POLITÉCNICA DE LA FUERZA ARMADA NACIONAL,7,7,EDO. CARABOBO
51,UNIVERSIDAD NACIONAL EXPERIMENTAL POLITÉCNICA DE LA FUERZA ARMADA NACIONAL,8,8,EDO. COJEDES
52,UNIVERSIDAD NACIONAL EXPERIMENTAL POLITÉCNICA DE LA FUERZA ARMADA NACIONAL,10,10,EDO. FALCON
53,UNIVERSIDAD NACIONAL EXPERIMENTAL POLITÉCNICA DE LA FUERZA ARMADA NACIONAL,11,11,EDO. GUARICO
54,UNIVERSIDAD NACIONAL EXPERIMENTAL POLITÉCNICA DE LA FUERZA ARMADA NACIONAL,12,12,EDO. LARA
55,UNIVERSIDAD NACIONAL EXPERIMENTAL POLITÉCNICA DE LA FUERZA ARMADA NACIONAL,13,13,EDO. MERIDA
56,UNIVERSIDAD NACIONAL EXPERIMENTAL POLITÉCNICA DE LA FUERZA ARMADA NACIONAL,14,14,EDO. MIRANDA
57,UNIVERSIDAD NACIONAL EXPERIMENTAL POLITÉCNICA DE LA FUERZA ARMADA NACIONAL,17,17,EDO. PORTUGUESA
58,UNIVERSIDAD NACIONAL EXPERIMENTAL POLITÉCNICA DE LA FUERZA ARMADA NACIONAL,19,19,EDO. TACHIRA
59,UNIVERSIDAD NACIONAL EXPERIMENTAL POLITÉCNICA DE LA FUERZA ARMADA NACIONAL,20,20,EDO . TRUJILLO
60,UNIVERSIDAD NACIONAL EXPERIMENTAL POLITÉCNICA DE LA FUERZA ARMADA NACIONAL,22,22,EDO. YARACUY
61,UNIVERSIDAD NACIONAL EXPERIMENTAL POLITÉCNICA DE LA FUERZA ARMADA NACIONAL,21,21,EDO. LA GUAIRA
62,UNIVERSIDAD NACIONAL EXPERIMENTAL SIMÓN RODRÍGUEZ,1,1,DTTO. CAPITAL
63,UNIVERSIDAD NACIONAL EXPERIMENTAL SIMÓN RODRÍGUEZ,2,2,EDO. ANZOATEGUI
64,UNIVERSIDAD NACIONAL EXPERIMENTAL SIMÓN RODRÍGUEZ,3,3,EDO. APURE
65,UNIVERSIDAD NACIONAL EXPERIMENTAL SIMÓN RODRÍGUEZ,5,5,EDO. BARINAS
66,UNIVERSIDAD NACIONAL EXPERIMENTAL SIMÓN RODRÍGUEZ,10,10,EDO. FALCON
67,UNIVERSIDAD NACIONAL EXPERIMENTAL SIMÓN RODRÍGUEZ,22,22,EDO. YARACUY
68,UNIVERSIDAD NACIONAL EXPERIMENTAL SIMÓN RODRÍGUEZ,1,1,EDO. AMAZONAS
69,"INSTITUTO UNIVERSITARIO DE AERONÁUTICA CIVIL ""MAYOR (AV)  MIGUEL RODRÍGUEZ""",4,4,EDO. ARAGUA
71,"UNIVERSIDAD DE LAS CIENCIAS DE LA SALUD ""HUGO CHÁVEZ FRÍAS""",7,7,EDO. CARABOBO
73,UNIVERSIDAD MILITAR BOLIVARIANA DE VENEZUELA,1,1,DTTO. CAPITAL
74,UNIVERSIDAD MILITAR BOLIVARIANA DE VENEZUELA,4,4,EDO. ARAGUA
75,UNIVERSIDAD MILITAR BOLIVARIANA DE VENEZUELA,21,21,EDO. LA GUAIRA
76,UNIVERSIDAD NACIONAL DEL TURISMO,2,2,EDO. ANZOATEGUI
77,UNIVERSIDAD NACIONAL EXPERIMENTAL DE LA SEGURIDAD,1,1,DTTO. CAPITAL
78,UNIVERSIDAD NACIONAL EXPERIMENTAL DE LOS LLANOS CENTRALES RÓMULO GALLEGOS,11,11,EDO. GUARICO
79,UNIVERSIDAD NACIONAL EXPERIMENTAL DEL TRANSPORTE,1,1,DTTO. CAPITAL
80,UNIVERSIDAD NACIONAL EXPERIMENTAL DEL YARACUY,22,22,EDO. YARACUY
81,UNIVERSIDAD NACIONAL EXPERIMENTAL RAFAEL MARÍA BARALT,23,23,EDO. ZULIA
82,UNIVERSIDAD NACIONAL EXPERIMENTAL SUR DEL LAGO JESÚS MARÍA SEMPRUM,23,23,EDO. ZULIA
84,UNIVERSIDAD POLITÉCNICA TERRITORIAL AGROINDUSTRIAL DEL ESTADO TÁCHIRA,19,19,EDO. TACHIRA
85,"UNIVERSIDAD POLITÉCNICA TERRITORIAL DE BARLOVENTO ""ARGELIA LAYA""",14,14,EDO. MIRANDA
86,UNIVERSIDAD POLITÉCNICA TERRITORIAL DE CARACAS “MARISCAL SUCRE”,1,1,DTTO. CAPITAL
87,UNIVERSIDAD POLITÉCNICA TERRITORIAL DE MARACAIBO,23,23,EDO. ZULIA
88,UNIVERSIDAD POLITÉCNICA TERRITORIAL DE PUERTO CABELLO,10,10,EDO. FALCON
89,"UNIVERSIDAD POLITÉCNICA TERRITORIAL DE YARACUY ""ARÍSTIDES BASTIDAS""",22,22,EDO. YARACUY
90,"UNIVERSIDAD POLITÉCNICA TERRITORIAL DEL ALTO APURE ""PEDRO CAMEJO""",3,3,EDO. APURE
92,"UNIVERSIDAD POLITÉCNICA TERRITORIAL DEL ESTADO BARINAS ""JOSÉ FELIX RIBAS""",5,5,EDO. BARINAS
93,"UNIVERSIDAD POLITÉCNICA TERRITORIAL DEL ESTADO LARA ""ANDRES ELOY BLANCO""",12,12,EDO. LARA
94,"UNIVERSIDAD POLITÉCNICA TERRITORIAL DEL ESTADO MÉRIDA ""KLÉBER RAMÍREZ""",13,13,EDO. MERIDA
95,UNIVERSIDAD POLITÉCNICA TERRITORIAL DEL ESTADO PORTUGUESA ,17,17,EDO. PORTUGUESA
96,"UNIVERSIDAD POLITÉCNICA TERRITORIAL DEL ESTADO TRUJILLO ""MARIO BRICEÑO IRAGORRY""",20,20,EDO . TRUJILLO
97,"UNIVERSIDAD POLITÉCNICA TERRITORIAL DEL NORTE DE MONAGAS ""LUDOVICO SILVA""",15,15,EDO. MONAGAS
98,"UNIVERSIDAD POLITÉCNICA TERRITORIAL DEL NORTE DEL TÁCHIRA ""MANUELA SÁENZ""",19,19,EDO. TACHIRA
99,"UNIVERSIDAD POLITÉCNICA TERRITORIAL DEL OESTE DE SUCRE ""CLODOSBALDO RUSSIÁN""",18,18,EDO. SUCRE
100,UNIVERSIDAD POLITÉCNICA TERRITORIAL DEL ZULIA,23,23,EDO. ZULIA
101,UNIVERSIDAD TERRITORIAL DELTAICA FRANCISCO TAMAYO,15,15,EDO. MONAGAS
102,UNIVERSIDAD TERRITORIAL DELTAICA FRANCISCO TAMAYO,9,9,EDO. DELTA AMACURO
103,UNIVERSIDAD CATÓLICA ANDRÉS BELLO,1,1,DTTO. CAPITAL
104,UNIVERSIDAD CATÓLICA ANDRÉS BELLO,6,6,EDO. BOLIVAR
105,UNIVERSIDAD CATÓLICA ANDRÉS BELLO,10,10,EDO. FALCON
106,UNIVERSIDAD CATÓLICA ANDRÉS BELLO,14,14,EDO. MIRANDA
112,COLEGIO UNIVERSITARIO DE ENFERMERÍA CENTRO MÉDICO DE CARACAS,1,1,DTTO. CAPITAL
113,COLEGIO UNIVERSITARIO DE ENFERMERÍA DE LA CRUZ ROJA DE VENEZUELA,1,1,DTTO. CAPITAL
114,COLEGIO UNIVERSITARIO DE PSICOPEDAGOGÍA,1,1,DTTO. CAPITAL
115,COLEGIO UNIVERSITARIO DE PSICOPEDAGOGÍA,7,7,EDO. CARABOBO
116,COLEGIO UNIVERSITARIO DR. RAFAEL BELLOSO CHACÍN,23,23,EDO. ZULIA
120,COLEGIO UNIVERSITARIO JEAN PIAGET,14,14,EDO. MIRANDA
128,INSTITUTO UNIVERSITARIO ADVENTISTA DE VENEZUELA,22,22,EDO. YARACUY
129,INSTITUTO UNIVERSITARIO AVEPANE,14,14,EDO. MIRANDA
132,INSTITUTO UNIVERSITARIO DE ADMINISTRACIÓN Y GERENCIA,1,1,DTTO. CAPITAL
134,INSTITUTO UNIVERSITARIO DE DISEÑO LAS MERCEDES,14,14,EDO. MIRANDA
136,INSTITUTO UNIVERSITARIO DE GERENCIA Y TECNOLOGÍA,1,1,DTTO. CAPITAL
137,INSTITUTO UNIVERSITARIO DE LA AUDICIÓN Y EL LENGUAJE,14,14,EDO. MIRANDA
140,INSTITUTO UNIVERSITARIO DE MERCADOTECNIA,1,1,DTTO. CAPITAL
141,INSTITUTO UNIVERSITARIO DE NUEVAS PROFESIONES,7,7,EDO. CARABOBO
142,INSTITUTO UNIVERSITARIO DE NUEVAS PROFESIONES,14,14,EDO. MIRANDA
143,INSTITUTO UNIVERSITARIO DE PROFESIONES GERENCIALES,1,1,DTTO. CAPITAL
144,INSTITUTO UNIVERSITARIO DE RELACIONES PÚBLICAS,1,1,DTTO. CAPITAL
145,INSTITUTO UNIVERSITARIO DE SEGUROS,1,1,DTTO. CAPITAL
146,"INSTITUTO UNIVERSITARIO DE TECNOLOGÍA ""LAURA EVANGELISTA ALVARADO CARDOZO""",4,4,EDO. ARAGUA
147,"INSTITUTO UNIVERSITARIO DE TECNOLOGÍA \""ARTURO MICHELENA\""",7,7,EDO. CARABOBO
148,"INSTITUTO UNIVERSITARIO DE TECNOLOGÍA \""GENERAL PEDRO MARÍA FREITES\""",2,2,EDO. ANZOATEGUI
149,"INSTITUTO UNIVERSITARIO DE TECNOLOGÍA \""POLYCOM\""",4,4,EDO. ARAGUA
150,INSTITUTO UNIVERSITARIO DE TECNOLOGÍA ALBERTO ADRIANI,1,1,DTTO. CAPITAL
152,INSTITUTO UNIVERSITARIO DE TECNOLOGÍA AMÉRICO VESPUCIO,14,14,EDO. MIRANDA
130,INSTITUTO UNIVERSITARIO CARLOS SOUBLETTE,4,4,EDO. ARAGUA
131,INSTITUTO UNIVERSITARIO CARLOS SOUBLETTE,7,7,EDO. CARABOBO
91,"UNIVERSIDAD POLITÉCNICA TERRITORIAL DEL ESTADO ARAGUA ""FEDERICO BRITO FIGUEROA""",4,4,EDO. ARAGUA
133,INSTITUTO UNIVERSITARIO DE CIENCIAS ADMINISTRATIVAS Y FISCALES,5,5,EDO. BARINAS
107,COLEGIO UNIVERSITARIO DE ADMINISTRACIÓN Y MERCADEO,1,1,DTTO. CAPITAL
108,COLEGIO UNIVERSITARIO DE ADMINISTRACIÓN Y MERCADEO,4,4,EDO. ARAGUA
109,COLEGIO UNIVERSITARIO DE ADMINISTRACIÓN Y MERCADEO,7,7,EDO. CARABOBO
110,COLEGIO UNIVERSITARIO DE ADMINISTRACIÓN Y MERCADEO,11,11,EDO. GUARICO
111,COLEGIO UNIVERSITARIO DE ADMINISTRACIÓN Y MERCADEO,22,22,EDO. YARACUY
121,COLEGIO UNIVERSITARIO MONSEÑOR DE TALAVERA,6,6,EDO. BOLIVAR
122,COLEGIO UNIVERSITARIO MONSEÑOR DE TALAVERA,7,7,EDO. CARABOBO
123,COLEGIO UNIVERSITARIO MONSEÑOR DE TALAVERA,14,14,EDO. MIRANDA
11,COLEGIO UNIVERSITARIO MONSEÑOR DE TALAVERA,17,17,EDO. PORTUGUESA
125,COLEGIO UNIVERSITARIO MONSEÑOR DE TALAVERA,19,19,EDO. TACHIRA
126,COLEGIO UNIVERSITARIO MONSEÑOR DE TALAVERA,23,23,EDO. ZULIA
127,COLEGIO UNIVERSITARIO PADRE ISAÍAS OJEDA,7,7,EDO. CARABOBO
117,COLEGIO UNIVERSITARIO FERMÍN TORO,1,1,DTTO. CAPITAL
118,COLEGIO UNIVERSITARIO FERMÍN TORO,12,12,EDO. LARA
119,COLEGIO UNIVERSITARIO FERMÍN TORO,17,17,EDO. PORTUGUESA
138,INSTITUTO UNIVERSITARIO DE LA FRONTERA,13,13,EDO. MERIDA
139,INSTITUTO UNIVERSITARIO DE LA FRONTERA,19,19,EDO. TACHIRA
135,INSTITUTO UNIVERSITARIO DE EDUCACIÓN ESPECIALIZADA,23,23,EDO. ZULIA
177,INSTITUTO UNIVERSITARIO DE TECNOLOGÍA DR. JOSÉ GREGORIO HERNÁNDEZ,20,20,EDO . TRUJILLO
178,INSTITUTO UNIVERSITARIO DE TECNOLOGÍA ELÍAS CALIXTO POMPA,14,14,EDO. MIRANDA
179,INSTITUTO UNIVERSITARIO DE TECNOLOGÍA HENRY PITTIER,2,2,EDO. ANZOATEGUI
196,INSTITUTO UNIVERSITARIO DE TECNOLOGÍA JOSÉ LEONARDO CHIRINO,10,10,EDO. FALCON
197,INSTITUTO UNIVERSITARIO DE TECNOLOGÍA JOSÉ MARÍA CARREÑO,14,14,EDO. MIRANDA
203,INSTITUTO UNIVERSITARIO DE TECNOLOGÍA LOS ANDES,19,19,EDO. TACHIRA
204,INSTITUTO UNIVERSITARIO DE TECNOLOGÍA MARILIS MÉNDEZ,3,3,EDO. APURE
205,INSTITUTO UNIVERSITARIO DE TECNOLOGÍA MARIO BRICEÑO IRAGORRY,12,12,EDO. LARA
206,INSTITUTO UNIVERSITARIO DE TECNOLOGÍA MARIO BRICEÑO IRAGORRY,20,20,EDO . TRUJILLO
209,INSTITUTO UNIVERSITARIO DE TECNOLOGÍA PASCAL,4,4,EDO. ARAGUA
214,INSTITUTO UNIVERSITARIO DE TECNOLOGÍA SUPERIOR DE ORIENTE,2,2,EDO. ANZOATEGUI
215,INSTITUTO UNIVERSITARIO DE TECNOLOGÍA TOMÁS LANDER,14,14,EDO. MIRANDA
216,INSTITUTO UNIVERSITARIO DE TECNOLOGÍA VENEZUELA,1,1,DTTO. CAPITAL
217,INSTITUTO UNIVERSITARIO DE TECNOLOGÍA VENEZUELA,15,15,EDO. MONAGAS
218,INSTITUTO UNIVERSITARIO ECLESIÁSTICO SANTO TOMÁS DE AQUINO,19,19,EDO. TACHIRA
219,INSTITUTO UNIVERSITARIO GRAN COLOMBIA,19,19,EDO. TACHIRA
220,INSTITUTO UNIVERSITARIO INSULAR,16,16,EDO. NUEVA ESPARTA
221,INSTITUTO UNIVERSITARIO JESÚS ENRIQUE LOSSADA,19,19,EDO. TACHIRA
222,INSTITUTO UNIVERSITARIO JESÚS ENRIQUE LOSSADA,23,23,EDO. ZULIA
223,INSTITUTO UNIVERSITARIO JESÚS OBRERO,1,1,DTTO. CAPITAL
21,INSTITUTO UNIVERSITARIO JESÚS OBRERO,12,12,EDO. LARA
225,INSTITUTO UNIVERSITARIO JESÚS OBRERO,13,13,EDO. MERIDA
226,INSTITUTO UNIVERSITARIO JESÚS OBRERO,17,17,EDO. PORTUGUESA
162,INSTITUTO UNIVERSITARIO DE TECNOLOGÍA ANTONIO JOSÉ DE SUCRE,16,16,EDO. NUEVA ESPARTA
163,INSTITUTO UNIVERSITARIO DE TECNOLOGÍA ANTONIO JOSÉ DE SUCRE,19,19,EDO. TACHIRA
164,INSTITUTO UNIVERSITARIO DE TECNOLOGÍA ANTONIO JOSÉ DE SUCRE,22,22,EDO. YARACUY
165,INSTITUTO UNIVERSITARIO DE TECNOLOGÍA ANTONIO JOSÉ DE SUCRE,23,23,EDO. ZULIA
198,INSTITUTO UNIVERSITARIO DE TECNOLOGÍA JUAN PABLO PÉREZ ALFONZO,2,2,EDO. ANZOATEGUI
199,INSTITUTO UNIVERSITARIO DE TECNOLOGÍA JUAN PABLO PÉREZ ALFONZO,4,4,EDO. ARAGUA
200,INSTITUTO UNIVERSITARIO DE TECNOLOGÍA JUAN PABLO PÉREZ ALFONZO,7,7,EDO. CARABOBO
201,INSTITUTO UNIVERSITARIO DE TECNOLOGÍA JUAN PABLO PÉREZ ALFONZO,19,19,EDO. TACHIRA
227,INSTITUTO UNIVERSITARIO PEDAGÓGICO MONSEÑOR RAFAEL ARIAS BLANCO,1,1,DTTO. CAPITAL
228,INSTITUTO UNIVERSITARIO PEDAGÓGICO MONSEÑOR RAFAEL ARIAS BLANCO,2,2,EDO. ANZOATEGUI
229,INSTITUTO UNIVERSITARIO PEDAGÓGICO MONSEÑOR RAFAEL ARIAS BLANCO,4,4,EDO. ARAGUA
230,INSTITUTO UNIVERSITARIO PEDAGÓGICO MONSEÑOR RAFAEL ARIAS BLANCO,7,7,EDO. CARABOBO
231,INSTITUTO UNIVERSITARIO PEDAGÓGICO MONSEÑOR RAFAEL ARIAS BLANCO,10,10,EDO. FALCON
185,INSTITUTO UNIVERSITARIO DE TECNOLOGÍA INDUSTRIAL RODOLFO LOERO ARISMENDI,1,1,DTTO. CAPITAL
186,INSTITUTO UNIVERSITARIO DE TECNOLOGÍA INDUSTRIAL RODOLFO LOERO ARISMENDI,2,2,EDO. ANZOATEGUI
187,INSTITUTO UNIVERSITARIO DE TECNOLOGÍA INDUSTRIAL RODOLFO LOERO ARISMENDI,6,6,EDO. BOLIVAR
188,INSTITUTO UNIVERSITARIO DE TECNOLOGÍA INDUSTRIAL RODOLFO LOERO ARISMENDI,10,10,EDO. FALCON
189,INSTITUTO UNIVERSITARIO DE TECNOLOGÍA INDUSTRIAL RODOLFO LOERO ARISMENDI,12,12,EDO. LARA
190,INSTITUTO UNIVERSITARIO DE TECNOLOGÍA INDUSTRIAL RODOLFO LOERO ARISMENDI,14,14,EDO. MIRANDA
191,INSTITUTO UNIVERSITARIO DE TECNOLOGÍA INDUSTRIAL RODOLFO LOERO ARISMENDI,15,15,EDO. MONAGAS
166,INSTITUTO UNIVERSITARIO DE TECNOLOGÍA ANTONIO RICAURTE,4,4,EDO. ARAGUA
167,INSTITUTO UNIVERSITARIO DE TECNOLOGÍA CORONEL AGUSTÍN CODAZZI,5,5,EDO. BARINAS
173,INSTITUTO UNIVERSITARIO DE TECNOLOGÍA DEL MAR,6,6,EDO. BOLIVAR
174,INSTITUTO UNIVERSITARIO DE TECNOLOGÍA DEL MAR,8,8,EDO. COJEDES
175,INSTITUTO UNIVERSITARIO DE TECNOLOGÍA DEL MAR,16,16,EDO. NUEVA ESPARTA
176,INSTITUTO UNIVERSITARIO DE TECNOLOGÍA DEL MAR,20,20,EDO . TRUJILLO
210,INSTITUTO UNIVERSITARIO DE TECNOLOGÍA PEDRO EMILIO COLL,6,6,EDO. BOLIVAR
211,INSTITUTO UNIVERSITARIO DE TECNOLOGÍA PEDRO EMILIO COLL,23,23,EDO. ZULIA
207,INSTITUTO UNIVERSITARIO DE TECNOLOGÍA PARA LA INFORMÁTICA,7,7,EDO. CARABOBO
208,INSTITUTO UNIVERSITARIO DE TECNOLOGÍA PARA LA INFORMÁTICA,17,17,EDO. PORTUGUESA
180,INSTITUTO UNIVERSITARIO DE TECNOLOGÍA INDUSTRIAL,1,1,DTTO. CAPITAL
181,INSTITUTO UNIVERSITARIO DE TECNOLOGÍA INDUSTRIAL,4,4,EDO. ARAGUA
182,INSTITUTO UNIVERSITARIO DE TECNOLOGÍA INDUSTRIAL,7,7,EDO. CARABOBO
183,INSTITUTO UNIVERSITARIO DE TECNOLOGÍA INDUSTRIAL,19,19,EDO. TACHIRA
184,INSTITUTO UNIVERSITARIO DE TECNOLOGÍA INDUSTRIAL,23,23,EDO. ZULIA
168,INSTITUTO UNIVERSITARIO DE TECNOLOGÍA CRISTÓBAL MENDOZA,13,13,EDO. MERIDA
213,INSTITUTO UNIVERSITARIO DE TECNOLOGÍA RUFINO BLANCO FOMBONA,14,14,EDO. MIRANDA
212,INSTITUTO UNIVERSITARIO DE TECNOLOGÍA READIC,23,23,EDO. ZULIA
16,INSTITUTO UNIVERSITARIO SALESIANO PADRE OJEDA,14,14,EDO. MIRANDA
17,INSTITUTO UNIVERSITARIO SAN FRANCISCO,23,23,EDO. ZULIA
18,INSTITUTO UNIVERSITARIO YMCA LOPE MENDOZA,1,1,DTTO. CAPITAL
19,UNIVERSIDAD BICENTENARIA DE ARAGUA,3,3,EDO. APURE
250,UNIVERSIDAD BICENTENARIA DE ARAGUA,4,4,EDO. ARAGUA
251,UNIVERSIDAD BICENTENARIA DE ARAGUA,6,6,EDO. BOLIVAR
252,UNIVERSIDAD BICENTENARIA DE ARAGUA,14,14,EDO. MIRANDA
253,UNIVERSIDAD CATÓLICA DEL TÁCHIRA,19,19,EDO. TACHIRA
254,UNIVERSIDAD CATÓLICA SANTA ROSA,1,1,DTTO. CAPITAL
255,UNIVERSIDAD DE FALCÓN,10,10,EDO. FALCON
256,UNIVERSIDAD EXPERIMENTAL PRIVADA CECILIO ACOSTA,23,23,EDO. ZULIA
257,UNIVERSIDAD JOSÉ MARÍA VARGAS,14,14,EDO. MIRANDA
258,UNIVERSIDAD METROPOLITANA,14,14,EDO. MIRANDA
263,UNIVERSIDAD PANAMERICANA DEL PUERTO,7,7,EDO. CARABOBO
264,UNIVERSIDAD PRIVADA  DR. JOSÉ GREGORIO HERNÁNDEZ,23,23,EDO. ZULIA
265,UNIVERSIDAD PRIVADA ALEJANDRO DE HUMBOLDT,7,7,EDO. CARABOBO
266,UNIVERSIDAD PRIVADA ALEJANDRO DE HUMBOLDT,14,14,EDO. MIRANDA
267,UNIVERSIDAD PRIVADA ALONSO DE OJEDA,23,23,EDO. ZULIA
268,UNIVERSIDAD PRIVADA ARTURO MICHELENA,7,7,EDO. CARABOBO
269,UNIVERSIDAD PRIVADA DE MARGARITA,16,16,EDO. NUEVA ESPARTA
270,UNIVERSIDAD PRIVADA DR. RAFAEL BELLOSO CHACÍN,23,23,EDO. ZULIA
271,UNIVERSIDAD PRIVADA FERMÍN TORO,12,12,EDO. LARA
272,UNIVERSIDAD PRIVADA FERMÍN TORO,17,17,EDO. PORTUGUESA
273,UNIVERSIDAD PRIVADA JOSÉ ANTONIO PÁEZ,7,7,EDO. CARABOBO
274,UNIVERSIDAD PRIVADA MONTEÁVILA,14,14,EDO. MIRANDA
275,UNIVERSIDAD PRIVADA NUEVA ESPARTA,14,14,EDO. MIRANDA
276,UNIVERSIDAD PRIVADA YACAMBÚ,12,12,EDO. LARA
277,UNIVERSIDAD PRIVADA YACAMBÚ,17,17,EDO. PORTUGUESA
278,UNIVERSIDAD RAFAEL URDANETA,23,23,EDO. ZULIA
279,UNIVERSIDAD SANTA MARÍA,2,2,EDO. ANZOATEGUI
280,UNIVERSIDAD SANTA MARÍA,5,5,EDO. BARINAS
281,UNIVERSIDAD SANTA MARÍA,14,14,EDO. MIRANDA
282,UNIVERSIDAD SANTA MARÍA,1,1,EDO. AMAZONAS
283,UNIVERSIDAD TECNOLÓGICA DEL CENTRO,7,7,EDO. CARABOBO
284,UNIVERSIDAD VALLE DEL MOMBOY,20,20,EDO . TRUJILLO
285,UNIVERSIDAD CENTRAL DE VENEZUELA,1,1,DTTO. CAPITAL
286,UNIVERSIDAD NACIONAL EXPERIMENTAL SIMÓN BOLÍVAR,14,14,EDO. MIRANDA
287,UNIVERSIDAD NACIONAL EXPERIMENTAL SIMÓN BOLÍVAR,21,21,EDO. LA GUAIRA
288,UNIVERSIDAD NACIONAL EXPERIMENTAL SIMÓN RODRÍGUEZ,14,14,EDO. MIRANDA
289,UNIVERSIDAD NACIONAL EXPERIMENTAL SIMÓN RODRÍGUEZ,1,1,DTTO. CAPITAL
290,UNIVERSIDAD PEDAGÓGICA EXPERIMENTAL LIBERTADOR,1,1,DTTO. CAPITAL
291,UNIVERSIDAD NACIONAL EXPERIMENTAL POLITÉCNICA ANTONIO JOSÉ DE SUCRE,1,1,DTTO. CAPITAL
292,UNIVERSIDAD NACIONAL EXPERIMENTAL POLITÉCNICA ANTONIO JOSÉ DE SUCRE,14,14,EDO. MIRANDA
293,UNIVERSIDAD NACIONAL EXPERIMENTAL POLITÉCNICA DE LA FUERZA ARMADA NACIONAL,14,14,EDO. MIRANDA
294,UNIVERSIDAD CENTRAL DE VENEZUELA,4,4,EDO. ARAGUA
295,UNIVERSIDAD DE CARABOBO,7,7,EDO. CARABOBO
296,UNIVERSIDAD DE CARABOBO,4,4,EDO. ARAGUA
297,UNIVERSIDAD NACIONAL EXPERIMENTAL SIMÓN RODRÍGUEZ,7,7,EDO. CARABOBO
298,UNIVERSIDAD NACIONAL EXPERIMENTAL SIMÓN RODRÍGUEZ,4,4,EDO. ARAGUA
299,UNIVERSIDAD NACIONAL EXPERIMENTAL SIMÓN RODRÍGUEZ,8,8,EDO. COJEDES
300,UNIVERSIDAD NACIONAL EXPERIMENTAL DE LOS LLANOS OCCIDENTALES EZEQUIEL ZAMORA,8,8,EDO. COJEDES
301,UNIVERSIDAD PEDAGÓGICA EXPERIMENTAL LIBERTADOR,4,4,EDO. ARAGUA
302,UNIVERSIDAD NACIONAL EXPERIMENTAL POLITÉCNICA DE LA FUERZA ARMADA NACIONAL,4,4,EDO. ARAGUA
303,UNIVERSIDAD NACIONAL EXPERIMENTAL SIMÓN RODRÍGUEZ,3,3,EDO. APURE
304,UNIVERSIDAD NACIONAL EXPERIMENTAL SIMÓN RODRÍGUEZ,11,11,EDO. GUARICO
305,UNIVERSIDAD NACIONAL EXPERIMENTAL DE LOS LLANOS OCCIDENTALES EZEQUIEL ZAMORA,3,3,EDO. APURE
306,UNIVERSIDAD NACIONAL EXPERIMENTAL DE LOS LLANOS CENTRALES RÓMULO GALLEGOS,11,11,EDO. GUARICO
307,UNIVERSIDAD CENTRAL DE VENEZUELA,12,12,EDO. LARA
308,UNIVERSIDAD DEL ZULIA,10,10,EDO. FALCON
309,UNIVERSIDAD CENTRO OCCIDENTAL LISANDRO ALVARADO,12,12,EDO. LARA
310,UNIVERSIDAD NACIONAL EXPERIMENTAL SIMÓN RODRÍGUEZ,12,12,EDO. LARA
311,UNIVERSIDAD NACIONAL EXPERIMENTAL SIMÓN RODRÍGUEZ,17,17,EDO. PORTUGUESA
312,UNIVERSIDAD NACIONAL EXPERIMENTAL SIMÓN RODRÍGUEZ,10,10,EDO. FALCON
313,UNIVERSIDAD NACIONAL EXPERIMENTAL DE LOS LLANOS OCCIDENTALES EZEQUIEL ZAMORA,17,17,EDO. PORTUGUESA
314,UNIVERSIDAD NACIONAL EXPERIMENTAL FRANCISCO DE MIRANDA,10,10,EDO. FALCON
315,UNIVERSIDAD NACIONAL EXPERIMENTAL POLITÉCNICA ANTONIO JOSÉ DE SUCRE,12,12,EDO. LARA
316,UNIVERSIDAD NACIONAL EXPERIMENTAL DEL YARACUY,22,22,EDO. YARACUY
317,UNIVERSIDAD DEL ZULIA,23,23,EDO. ZULIA
318,UNIVERSIDAD NACIONAL EXPERIMENTAL RAFAEL MARÍA BARALT,23,23,EDO. ZULIA
235,INSTITUTO UNIVERSITARIO POLITÉCNICO SANTIAGO MARIÑO,2,2,EDO. ANZOATEGUI
236,INSTITUTO UNIVERSITARIO POLITÉCNICO SANTIAGO MARIÑO,4,4,EDO. ARAGUA
237,INSTITUTO UNIVERSITARIO POLITÉCNICO SANTIAGO MARIÑO,5,5,EDO. BARINAS
238,INSTITUTO UNIVERSITARIO POLITÉCNICO SANTIAGO MARIÑO,6,6,EDO. BOLIVAR
319,UNIVERSIDAD NACIONAL EXPERIMENTAL SUR DEL LAGO JESÚS MARÍA SEMPRUM,23,23,EDO. ZULIA
320,UNIVERSIDAD DE LOS ANDES,13,13,EDO. MERIDA
321,UNIVERSIDAD DE LOS ANDES,19,19,EDO. TACHIRA
322,UNIVERSIDAD DE LOS ANDES,20,20,EDO . TRUJILLO
323,UNIVERSIDAD NACIONAL EXPERIMENTAL SIMÓN RODRÍGUEZ,20,20,EDO . TRUJILLO
31,UNIVERSIDAD NACIONAL EXPERIMENTAL SIMÓN RODRÍGUEZ,13,13,EDO. MERIDA
325,UNIVERSIDAD NACIONAL EXPERIMENTAL SIMÓN RODRÍGUEZ,19,19,EDO. TACHIRA
326,UNIVERSIDAD NACIONAL EXPERIMENTAL DEL TÁCHIRA,19,19,EDO. TACHIRA
327,UNIVERSIDAD NACIONAL EXPERIMENTAL DE LOS LLANOS OCCIDENTALES EZEQUIEL ZAMORA,5,5,EDO. BARINAS
328,UNIVERSIDAD PEDAGÓGICA EXPERIMENTAL LIBERTADOR,19,19,EDO. TACHIRA
329,UNIVERSIDAD CENTRAL DE VENEZUELA,2,2,EDO. ANZOATEGUI
330,UNIVERSIDAD DE ORIENTE,18,18,EDO. SUCRE
331,UNIVERSIDAD DE ORIENTE,15,15,EDO. MONAGAS
332,UNIVERSIDAD DE ORIENTE,2,2,EDO. ANZOATEGUI
333,UNIVERSIDAD DE ORIENTE,16,16,EDO. NUEVA ESPARTA
334,UNIVERSIDAD NACIONAL EXPERIMENTAL SIMÓN RODRÍGUEZ,2,2,EDO. ANZOATEGUI
335,UNIVERSIDAD NACIONAL EXPERIMENTAL SIMÓN RODRÍGUEZ,15,15,EDO. MONAGAS
336,UNIVERSIDAD CENTRAL DE VENEZUELA,1,1,EDO. AMAZONAS
337,UNIVERSIDAD CENTRAL DE VENEZUELA,6,6,EDO. BOLIVAR
338,UNIVERSIDAD DE ORIENTE,6,6,EDO. BOLIVAR
339,UNIVERSIDAD NACIONAL EXPERIMENTAL SIMÓN RODRÍGUEZ,6,6,EDO. BOLIVAR
340,UNIVERSIDAD NACIONAL EXPERIMENTAL DE GUAYANA,6,6,EDO. BOLIVAR
341,UNIVERSIDAD NACIONAL EXPERIMENTAL POLITÉCNICA ANTONIO JOSÉ DE SUCRE,6,6,EDO. BOLIVAR
342,UNIVERSIDAD DE CARABOBO,7,7,EDO. CARABOBO
343,UNIVERSIDAD NACIONAL EXPERIMENTAL POLITÉCNICA DE LA FUERZA ARMADA NACIONAL,4,4,EDO. ARAGUA
344,UNIVERSIDAD DEL ZULIA ,13,13,EDO. MERIDA
345,UNIVERSIDAD DE ORIENTE,18,18,EDO. SUCRE
346,UNIVERSIDAD NACIONAL EXPERIMENTAL DE LOS LLANOS OCCIDENTALES EZEQUIEL ZAMORA,4,4,EDO. ARAGUA
347,UNIVERSIDAD POLITÉCNICA TERRITORIAL DE PUERTO CABELLO,7,7,EDO. CARABOBO
348,UNIVERSIDAD TERRITORIAL DELTAICA FRANCISCO TAMAYO,9,9,EDO. DELTA AMACURO
349,"UNIVERSIDAD POLITÉCNICA TERRITORIAL DE LOS ALTOS MIRANDINOS ""CECILIO ACOSTA""",14,14,EDO. MIRANDA
350,COLEGIO UNIVERSITARIO DE ENFERMERÍA DE LA ALCALDÍA METROPOLITANA DE CARACAS,1,1,DTTO. CAPITAL
351,UNIVERSIDAD NACIONAL EXPERIMENTAL DE LOS LLANOS CENTRALES RÓMULO GALLEGOS,11,11,EDO. GUARICO
352,UNIVERSIDAD NACIONAL EXPERIMENTAL SIMÓN RODRÍGUEZ,14,14,EDO. MIRANDA
353,UNIVERSIDAD PEDAGÓGICA EXPERIMENTAL LIBERTADOR,14,14,EDO. MIRANDA
354,UNIVERSIDAD NACIONAL EXPERIMENTAL SIMÓN RODRÍGUEZ,3,3,EDO. APURE
355,INSTITUTO UNIVERSITARIO DE TECNOLOGÍA ESCUELA NACIONAL DE ADMINISTRACIÓN Y HACIENDA PÚBLICA,14,14,EDO. MIRANDA
356,UNIVERSIDAD NACIONAL EXPERIMENTAL POLITÉCNICA ANTONIO JOSÉ DE SUCRE,1,1,DTTO. CAPITAL
357,UNIVERSIDAD PEDAGÓGICA EXPERIMENTAL LIBERTADOR,14,14,EDO. MIRANDA
358,UNIVERSIDAD NACIONAL EXPERIMENTAL RAFAEL MARÍA BARALT,23,23,EDO. ZULIA
359,UNIVERSIDAD DE ORIENTE,18,18,EDO. SUCRE
360,UNIVERSIDAD NACIONAL EXPERIMENTAL SIMÓN BOLÍVAR,14,14,EDO. MIRANDA
361,UNIVERSIDAD NACIONAL EXPERIMENTAL DE LOS LLANOS OCCIDENTALES EZEQUIEL ZAMORA,17,17,EDO. PORTUGUESA
362,UNIVERSIDAD PEDAGÓGICA EXPERIMENTAL LIBERTADOR,1,1,DTTO. CAPITAL
363,UNIVERSIDAD PEDAGÓGICA EXPERIMENTAL LIBERTADOR,15,15,EDO. MONAGAS
364,UNIVERSIDAD NACIONAL EXPERIMENTAL DE LOS LLANOS OCCIDENTALES EZEQUIEL ZAMORA,3,3,EDO. APURE
365,UNIVERSIDAD BOLIVARIANA DE VENEZUELA,1,1,DTTO. CAPITAL
366,UNIVERSIDAD NACIONAL EXPERIMENTAL FRANCISCO DE MIRANDA,10,10,EDO. FALCON
367,UNIVERSIDAD PEDAGÓGICA EXPERIMENTAL LIBERTADOR,1,1,DTTO. CAPITAL
368,UNIVERSIDAD NACIONAL EXPERIMENTAL POLITÉCNICA ANTONIO JOSÉ DE SUCRE,14,14,EDO. MIRANDA
369,UNIVERSIDAD NACIONAL EXPERIMENTAL POLITÉCNICA DE LA FUERZA ARMADA NACIONAL,14,14,EDO. MIRANDA
370,UNIVERSIDAD NACIONAL EXPERIMENTAL MARÍTIMA DEL CARIBE,21,21,EDO. LA GUAIRA
371,UNIVERSIDAD BOLIVARIANA DE VENEZUELA,1,1,DTTO. CAPITAL
372,UNIVERSIDAD PEDAGÓGICA EXPERIMENTAL LIBERTADOR,4,4,EDO. ARAGUA
373,UNIVERSIDAD BOLIVARIANA DE VENEZUELA,23,23,EDO. ZULIA
374,UNIVERSIDAD NACIONAL EXPERIMENTAL FRANCISCO DE MIRANDA,10,10,EDO. FALCON
375,UNIVERSIDAD PEDAGÓGICA EXPERIMENTAL LIBERTADOR,12,12,EDO. LARA
376,UNIVERSIDAD DE LOS ANDES,20,20,EDO . TRUJILLO
377,UNIVERSIDAD NACIONAL EXPERIMENTAL DEL TÁCHIRA,19,19,EDO. TACHIRA
378,UNIVERSIDAD DE ORIENTE,2,2,EDO. ANZOATEGUI
379,UNIVERSIDAD PEDAGÓGICA EXPERIMENTAL LIBERTADOR,15,15,EDO. MONAGAS
380,UNIVERSIDAD PEDAGÓGICA EXPERIMENTAL LIBERTADOR,4,4,EDO. ARAGUA
381,UNIVERSIDAD BOLIVARIANA DE VENEZUELA,6,6,EDO. BOLIVAR
382,UNIVERSIDAD BOLIVARIANA DE VENEZUELA,10,10,EDO. FALCON
383,UNIVERSIDAD NACIONAL EXPERIMENTAL DE GUAYANA,6,6,EDO. BOLIVAR
384,UNIVERSIDAD PEDAGÓGICA EXPERIMENTAL LIBERTADOR,19,19,EDO. TACHIRA
385,UNIVERSIDAD NACIONAL EXPERIMENTAL SIMÓN BOLÍVAR,21,21,EDO. LA GUAIRA
386,UNIVERSIDAD NACIONAL EXPERIMENTAL FRANCISCO DE MIRANDA,10,10,EDO. FALCON
387,UNIVERSIDAD NACIONAL EXPERIMENTAL MARÍTIMA DEL CARIBE,21,21,EDO. LA GUAIRA
388,UNIVERSIDAD PEDAGÓGICA EXPERIMENTAL LIBERTADOR,4,4,EDO. ARAGUA
389,UNIVERSIDAD CENTRO OCCIDENTAL LISANDRO ALVARADO,12,12,EDO. LARA
390,UNIVERSIDAD NACIONAL EXPERIMENTAL POLITÉCNICA ANTONIO JOSÉ DE SUCRE,14,14,EDO. MIRANDA
391,UNIVERSIDAD NACIONAL EXPERIMENTAL POLITÉCNICA ANTONIO JOSÉ DE SUCRE,12,12,EDO. LARA
392,UNIVERSIDAD DEPORTIVA DEL SUR,8,8,EDO. COJEDES
393,UNIVERSIDAD NACIONAL EXPERIMENTAL DE LOS LLANOS OCCIDENTALES EZEQUIEL ZAMORA,5,5,EDO. BARINAS
394,UNIVERSIDAD NACIONAL EXPERIMENTAL POLITÉCNICA DE LA FUERZA ARMADA NACIONAL,2,2,EDO. ANZOATEGUI
395,UNIVERSIDAD NACIONAL EXPERIMENTAL SUR DEL LAGO JESÚS MARÍA SEMPRUM,23,23,EDO. ZULIA
396,UNIVERSIDAD NACIONAL EXPERIMENTAL DE GUAYANA,6,6,EDO. BOLIVAR
397,UNIVERSIDAD DEL ZULIA,10,10,EDO. FALCON
398,UNIVERSIDAD NACIONAL EXPERIMENTAL DE LOS LLANOS OCCIDENTALES EZEQUIEL ZAMORA,17,17,EDO. PORTUGUESA
399,UNIVERSIDAD NACIONAL EXPERIMENTAL SIMÓN BOLÍVAR,14,14,EDO. MIRANDA
400,UNIVERSIDAD NACIONAL EXPERIMENTAL POLITÉCNICA DE LA FUERZA ARMADA NACIONAL,14,14,EDO. MIRANDA
401,UNIVERSIDAD DE CARABOBO,7,7,EDO. CARABOBO
402,UNIVERSIDAD NACIONAL EXPERIMENTAL POLITÉCNICA DE LA FUERZA ARMADA NACIONAL,7,7,EDO. CARABOBO
403,UNIVERSIDAD NACIONAL EXPERIMENTAL FRANCISCO DE MIRANDA,10,10,EDO. FALCON
404,UNIVERSIDAD NACIONAL EXPERIMENTAL POLITÉCNICA DE LA FUERZA ARMADA NACIONAL,18,18,EDO. SUCRE
405,UNIVERSIDAD NACIONAL EXPERIMENTAL DEL TÁCHIRA,19,19,EDO. TACHIRA
406,UNIVERSIDAD NACIONAL EXPERIMENTAL RAFAEL MARÍA BARALT,23,23,EDO. ZULIA
407,UNIVERSIDAD BOLIVARIANA DE VENEZUELA,23,23,EDO. ZULIA
408,UNIVERSIDAD BOLIVARIANA DE VENEZUELA,6,6,EDO. BOLIVAR
409,UNIVERSIDAD NACIONAL EXPERIMENTAL POLITÉCNICA DE LA FUERZA ARMADA NACIONAL,10,10,EDO. FALCON
410,UNIVERSIDAD NACIONAL EXPERIMENTAL POLITÉCNICA DE LA FUERZA ARMADA NACIONAL,23,23,EDO. ZULIA
411,UNIVERSIDAD DE CARABOBO,7,7,EDO. CARABOBO
412,UNIVERSIDAD NACIONAL EXPERIMENTAL POLITÉCNICA DE LA FUERZA ARMADA NACIONAL,2,2,EDO. ANZOATEGUI
413,UNIVERSIDAD NACIONAL EXPERIMENTAL SUR DEL LAGO JESÚS MARÍA SEMPRUM,23,23,EDO. ZULIA
414,UNIVERSIDAD PEDAGÓGICA EXPERIMENTAL LIBERTADOR,14,14,EDO. MIRANDA
415,UNIVERSIDAD BOLIVARIANA DE VENEZUELA,7,7,EDO. CARABOBO
416,UNIVERSIDAD NACIONAL EXPERIMENTAL DEL TÁCHIRA,19,19,EDO. TACHIRA
417,UNIVERSIDAD NACIONAL EXPERIMENTAL POLITÉCNICA DE LA FUERZA ARMADA NACIONAL,2,2,EDO. ANZOATEGUI
418,UNIVERSIDAD NACIONAL EXPERIMENTAL POLITÉCNICA DE LA FUERZA ARMADA NACIONAL,9,9,EDO. DELTA AMACURO
419,UNIVERSIDAD NACIONAL EXPERIMENTAL POLITÉCNICA DE LA FUERZA ARMADA NACIONAL,1,1,EDO. AMAZONAS
420,UNIVERSIDAD NACIONAL EXPERIMENTAL POLITÉCNICA DE LA FUERZA ARMADA NACIONAL,3,3,EDO. APURE
421,UNIVERSIDAD POLITÉCNICA TERRITORIAL DE VALENCIA,7,7,EDO. CARABOBO
422,UNIVERSIDAD NACIONAL EXPERIMENTAL DEL TRANSPORTE,1,1,DTTO. CAPITAL
423,"UNIVERSIDAD POLITÉCNICA TERRITORIAL DEL ESTADO TRUJILLO ""MARIO BRICEÑO IRAGORRY""",20,20,EDO . TRUJILLO
41,UNIVERSIDAD POLITÉCNICA TERRITORIAL DE CARACAS “MARISCAL SUCRE”,1,1,DTTO. CAPITAL
425,"UNIVERSIDAD POLITÉCNICA TERRITORIAL DE FALCON ""ALONSO GAMERO""",10,10,EDO. FALCON
426,"UNIVERSIDAD POLITÉCNICA TERRITORIAL  ""JOSÉ ANTONIO ANZOÁTEGUI""",2,2,EDO. ANZOATEGUI
427,"UNIVERSIDAD POLITÉCNICA TERRITORIAL DEL ESTADO TRUJILLO ""MARIO BRICEÑO IRAGORRY""",20,20,EDO . TRUJILLO
428,UNIVERSIDAD TERRITORIAL DELTAICA FRANCISCO TAMAYO,9,9,EDO. DELTA AMACURO
429,UNIVERSIDAD POLITÉCNICA TERRITORIAL DE MARACAIBO,23,23,EDO. ZULIA
430,UNIVERSIDAD POLITÉCNICA TERRITORIAL AGROINDUSTRIAL DEL ESTADO TÁCHIRA,19,19,EDO. TACHIRA
431,UNIVERSIDAD POLITÉCNICA TERRITORIAL DE PUERTO CABELLO,10,10,EDO. FALCON
432,UNIVERSIDAD POLITÉCNICA TERRITORIAL DE PUERTO CABELLO,7,7,EDO. CARABOBO
433,UNIVERSIDAD POLITÉCNICA TERRITORIAL DE CARACAS “MARISCAL SUCRE”,1,1,DTTO. CAPITAL
434,UNIVERSIDAD POLITÉCNICA TERRITORIAL  DE LOS LLANOS “JUANA RAMÍREZ”,11,11,EDO. GUARICO
435,UNIVERSIDAD POLITÉCNICA TERRITORIAL DEL ESTADO BOLÍVAR,6,6,EDO. BOLIVAR
436,"UNIVERSIDAD POLITÉCNICA TERRITORIAL DE YARACUY ""ARÍSTIDES BASTIDAS""",22,22,EDO. YARACUY
437,UNIVERSIDAD NACIONAL EXPERIMENTAL SUR DEL LAGO JESÚS MARÍA SEMPRUM,13,13,EDO. MERIDA
438,UNIVERSIDAD BOLIVARIANA DE VENEZUELA,15,15,EDO. MONAGAS
439,UNIVERSIDAD BOLIVARIANA DE VENEZUELA,23,23,EDO. ZULIA
440,UNIVERSIDAD NACIONAL EXPERIMENTAL POLITÉCNICA DE LA FUERZA ARMADA NACIONAL,5,5,EDO. BARINAS
441,UNIVERSIDAD DE LOS ANDES,13,13,EDO. MERIDA
442,UNIVERSIDAD NACIONAL EXPERIMENTAL POLITÉCNICA ANTONIO JOSÉ DE SUCRE,13,13,EDO. MERIDA
443,UNIVERSIDAD NACIONAL EXPERIMENTAL SIMÓN BOLÍVAR,21,21,EDO. LA GUAIRA
444,UNIVERSIDAD NACIONAL EXPERIMENTAL POLITÉCNICA DE LA FUERZA ARMADA NACIONAL,22,22,EDO. YARACUY
445,"UNIVERSIDAD POLITÉCNICA TERRITORIAL DEL ESTADO LARA ""ANDRES ELOY BLANCO""",12,12,EDO. LARA
446,"UNIVERSIDAD POLITÉCNICA TERRITORIAL DEL NORTE DEL TÁCHIRA ""MANUELA SÁENZ""",19,19,EDO. TACHIRA
447,UNIVERSIDAD NACIONAL EXPERIMENTAL DE LAS ARTES (UNEARTE),1,1,DTTO. CAPITAL
448,UNIVERSIDAD NACIONAL EXPERIMENTAL POLITÉCNICA DE LA FUERZA ARMADA NACIONAL,16,16,EDO. NUEVA ESPARTA
449,"COLEGIO UNIVERSITARIO DE REHABILITACIÓN ""MAY HAMILTON""",1,1,DTTO. CAPITAL
450,"UNIVERSIDAD POLITÉCNICA TERRITORIAL DEL NORTE DE MONAGAS ""LUDOVICO SILVA""",15,15,EDO. MONAGAS
451,"UNIVERSIDAD POLITÉCNICA TERRITORIAL DE PARIA ""LUIS MARIANO RIVERA""",18,18,EDO. SUCRE
452,"UNIVERSIDAD POLITÉCNICA TERRITORIAL DEL ESTADO MÉRIDA ""KLÉBER RAMÍREZ""",13,13,EDO. MERIDA
453,UNIVERSIDAD NACIONAL EXPERIMENTAL POLITÉCNICA DE LA FUERZA ARMADA NACIONAL,17,17,EDO. PORTUGUESA
454,"UNIVERSIDAD POLITÉCNICA TERRITORIAL DEL OESTE DE SUCRE ""CLODOSBALDO RUSSIÁN""",18,18,EDO. SUCRE
455,INSTITUTO UNIVERSITARIO LATINOAMERICANO DE AGROECOLOGÍA PAULO FREIRE,5,5,EDO. BARINAS
456,UNIVERSIDAD NACIONAL EXPERIMENTAL SIMÓN RODRÍGUEZ,18,18,EDO. SUCRE
457,UNIVERSIDAD NACIONAL EXPERIMENTAL SIMÓN RODRÍGUEZ,21,21,EDO. LA GUAIRA
458,UNIVERSIDAD NACIONAL EXPERIMENTAL DE LAS ARTES (UNEARTE),2,2,EDO. ANZOATEGUI
459,UNIVERSIDAD NACIONAL EXPERIMENTAL DE LAS ARTES (UNEARTE),10,10,EDO. FALCON
460,UNIVERSIDAD NACIONAL EXPERIMENTAL DE LAS ARTES (UNEARTE),16,16,EDO. NUEVA ESPARTA
461,UNIVERSIDAD NACIONAL EXPERIMENTAL DE LAS ARTES (UNEARTE),13,13,EDO. MERIDA
462,UNIVERSIDAD NACIONAL EXPERIMENTAL DE LAS ARTES (UNEARTE),22,22,EDO. YARACUY
463,UNIVERSIDAD NACIONAL EXPERIMENTAL DE LAS ARTES (UNEARTE),17,17,EDO. PORTUGUESA
464,UNIVERSIDAD NACIONAL EXPERIMENTAL FRANCISCO DE MIRANDA,22,22,EDO. YARACUY
465,UNIVERSIDAD NACIONAL EXPERIMENTAL POLITÉCNICA DE LA FUERZA ARMADA NACIONAL,1,1,DTTO. CAPITAL
466,UNIVERSIDAD NACIONAL EXPERIMENTAL FRANCISCO DE MIRANDA,8,8,EDO. COJEDES
467,UNIVERSIDAD NACIONAL EXPERIMENTAL FRANCISCO DE MIRANDA,12,12,EDO. LARA
540,INSTITUTO UNIVERSITARIO DE TECNOLOGÍA DE CUMANÁ,15,15,EDO. MONAGAS
468,UNIVERSIDAD NACIONAL EXPERIMENTAL DE LOS LLANOS CENTRALES RÓMULO GALLEGOS,2,2,EDO. ANZOATEGUI
469,UNIVERSIDAD POLITÉCNICA TERRITORIAL DE CARACAS “MARISCAL SUCRE”,14,14,EDO. MIRANDA
470,UNIVERSIDAD NACIONAL DEL TURISMO,13,13,EDO. MERIDA
471,"UNIVERSIDAD CAMPESINA DE VENEZUELA ""ALGIMIRO GABALDON""",12,12,EDO. LARA
472,"UNIVERSIDAD DE LAS CIENCIAS DE LA SALUD ""HUGO CHÁVEZ FRÍAS""",1,1,DTTO. CAPITAL
473,"UNIVERSIDAD DE LAS CIENCIAS DE LA SALUD ""HUGO CHÁVEZ FRÍAS""",5,5,EDO. BARINAS
474,"UNIVERSIDAD DE LAS CIENCIAS DE LA SALUD ""HUGO CHÁVEZ FRÍAS""",6,6,EDO. BOLIVAR
475,"UNIVERSIDAD DE LAS CIENCIAS DE LA SALUD ""HUGO CHÁVEZ FRÍAS""",10,10,EDO. FALCON
476,"UNIVERSIDAD DE LAS CIENCIAS DE LA SALUD ""HUGO CHÁVEZ FRÍAS""",23,23,EDO. ZULIA
477,"UNIVERSIDAD DE LAS CIENCIAS DE LA SALUD ""HUGO CHÁVEZ FRÍAS""",16,16,EDO. NUEVA ESPARTA
478,"UNIVERSIDAD DE LAS CIENCIAS DE LA SALUD ""HUGO CHÁVEZ FRÍAS""",21,21,EDO. LA GUAIRA
479,"UNIVERSIDAD DE LAS CIENCIAS DE LA SALUD ""HUGO CHÁVEZ FRÍAS""",15,15,EDO. MONAGAS
480,"UNIVERSIDAD DE LAS CIENCIAS DE LA SALUD ""HUGO CHÁVEZ FRÍAS""",4,4,EDO. ARAGUA
481,"UNIVERSIDAD DE LAS CIENCIAS DE LA SALUD ""HUGO CHÁVEZ FRÍAS""",8,8,EDO. COJEDES
482,"UNIVERSIDAD DE LAS CIENCIAS DE LA SALUD ""HUGO CHÁVEZ FRÍAS""",2,2,EDO. ANZOATEGUI
483,"UNIVERSIDAD DE LAS CIENCIAS DE LA SALUD ""HUGO CHÁVEZ FRÍAS""",18,18,EDO. SUCRE
484,"UNIVERSIDAD DE LAS CIENCIAS DE LA SALUD ""HUGO CHÁVEZ FRÍAS""",20,20,EDO . TRUJILLO
485,"UNIVERSIDAD DE LAS CIENCIAS DE LA SALUD ""HUGO CHÁVEZ FRÍAS""",3,3,EDO. APURE
486,"UNIVERSIDAD DE LAS CIENCIAS DE LA SALUD ""HUGO CHÁVEZ FRÍAS""",9,9,EDO. DELTA AMACURO
487,"UNIVERSIDAD DE LAS CIENCIAS DE LA SALUD ""HUGO CHÁVEZ FRÍAS""",12,12,EDO. LARA
488,"UNIVERSIDAD DE LAS CIENCIAS DE LA SALUD ""HUGO CHÁVEZ FRÍAS""",22,22,EDO. YARACUY
489,"UNIVERSIDAD DE LAS CIENCIAS DE LA SALUD ""HUGO CHÁVEZ FRÍAS""",13,13,EDO. MERIDA
490,"UNIVERSIDAD DE LAS CIENCIAS DE LA SALUD ""HUGO CHÁVEZ FRÍAS""",14,14,EDO. MIRANDA
491,"UNIVERSIDAD DE LAS CIENCIAS DE LA SALUD ""HUGO CHÁVEZ FRÍAS""",11,11,EDO. GUARICO
492,"UNIVERSIDAD DE LAS CIENCIAS DE LA SALUD ""HUGO CHÁVEZ FRÍAS""",17,17,EDO. PORTUGUESA
493,"UNIVERSIDAD DE LAS CIENCIAS DE LA SALUD ""HUGO CHÁVEZ FRÍAS""",19,19,EDO. TACHIRA
494,UNIVERSIDAD NACIONAL EXPERIMENTAL DE LA GRAN CARACAS,14,14,EDO. MIRANDA
495,UNIVERSIDAD NACIONAL EXPERIMENTAL DE LA GRAN CARACAS,1,1,DTTO. CAPITAL
496,UNIVERSIDAD POLITÉCNICA TERRITORIAL DE LOS VALLES DEL TUY,14,14,EDO. MIRANDA
497,"UNIVERSIDAD NACIONAL EXPERIMENTAL DE LARA ""MARTIN LUTHER KING""",12,12,EDO. LARA
498,UNIVERSIDAD BOLIVARIANA DE VENEZUELA,16,16,EDO. NUEVA ESPARTA
499,"UNIVERSIDAD POLITÉCNICA TERRITORIAL DEL ESTADO TRUJILLO ""MARIO BRICEÑO IRAGORRY""",13,13,EDO. MERIDA
500,UNIVERSIDAD POPULAR DEL AMBIENTE FRUTO VIVAS,12,12,EDO. LARA
501,UNIVERSIDAD NACIONAL EXPERIMENTAL DE LAS TELECOMUNICACIONES E INFORMÁTICA,1,1,DTTO. CAPITAL
502,INSTITUTO UNIVERSITARIO DE TECNOLOGÍA LOS ANDES,19,19,EDO. TACHIRA
503,INSTITUTO UNIVERSITARIO DE TECNOLOGÍA DE EJIDO,13,13,EDO. MERIDA
504,COLEGIO UNIVERSITARIO DE CARACAS,14,14,EDO. MIRANDA
505,INSTITUTO UNIVERSITARIO DE TECNOLOGÍA BOMBERIL,14,14,EDO. MIRANDA
506,INSTITUTO UNIVERSITARIO DE TECNOLOGÍA DEL OESTE MARISCAL SUCRE,1,1,DTTO. CAPITAL
507,INSTITUTO UNIVERSITARIO DE TECNOLOGÍA DR. FEDERICO RIVERO PALACIO,1,1,DTTO. CAPITAL
508,INSTITUTO UNIVERSITARIO DE TECNOLOGÍA DEL ESTADO APURE,3,3,EDO. APURE
509,INSTITUTO UNIVERSITARIO DE TECNOLOGÍA DE LOS LLANOS,11,11,EDO. GUARICO
510,INSTITUTO UNIVERSITARIO EXPERIMENTAL DE TECNOLOGÍA ANDRÉS ELOY BLANCO,12,12,EDO. LARA
511,INSTITUTO UNIVERSITARIO DE TECNOLOGÍA DEL ESTADO PORTUGUESA,17,17,EDO. PORTUGUESA
512,ESCUELA DE AVIACIÓN MILITAR,4,4,EDO. ARAGUA
513,INSTITUTO UNIVERSITARIO DE TECNOLOGÍA DE VALENCIA,7,7,EDO. CARABOBO
515,INSTITUTO UNIVERSITARIO DE TECNOLOGÍA DE PUERTO CABELLO,7,7,EDO. CARABOBO
516,INSTITUTO UNIVERSITARIO DE TECNOLOGÍA DE SEGURIDAD INDUSTRIAL,7,7,EDO. CARABOBO
517,INSTITUTO UNIVERSITARIO DE TECNOLOGÍA AERONÁUTICA MILITAR ESCUELA TÉCNICA DE AVIACIÓN,4,4,EDO. ARAGUA
518,UNIVERSIDAD NACIONAL EXPERIMENTAL DE GUAYANA,6,6,EDO. BOLIVAR
519,INSTITUTO UNIVERSITARIO DE TECNOLOGÍA DEL ESTADO BOLÍVAR,6,6,EDO. BOLIVAR
520,COLEGIO UNIVERSITARIO FRANCISCO DE MIRANDA,1,1,DTTO. CAPITAL
521,COLEGIO UNIVERSITARIO PROFESOR JOSÉ LORENZO PÉREZ RODRIGUEZ,14,14,EDO. MIRANDA
522,INSTITUTO UNIVERSITARIO DE LA POLICÍA METROPOLITANA,1,1,DTTO. CAPITAL
523,INSTITUTO UNIVERSITARIO DE POLICÍA CIENTÍFICA,1,1,DTTO. CAPITAL
51,UNIVERSIDAD NACIONAL EXPERIMENTAL DE LAS ARTES (UNEARTE-MÚSICA),1,1,DTTO. CAPITAL
525,UNIVERSIDAD NACIONAL EXPERIMENTAL DE LAS ARTES (UNEARTE-TEATRO),1,1,DTTO. CAPITAL
526,UNIVERSIDAD NACIONAL EXPERIMENTAL DE LAS ARTES (UNEARTE-ARTES PLASTICAS),1,1,DTTO. CAPITAL
527,UNIVERSIDAD NACIONAL EXPERIMENTAL DE LAS ARTES (UNEARTE-DANZA),1,1,DTTO. CAPITAL
528,INSTITUTO UNIVERSITARIO NACIONAL DE ESTUDIOS PENITENCIARIOS,1,1,DTTO. CAPITAL
529,INSTITUTO UNIVERSITARIO DE BARLOVENTO,14,14,EDO. MIRANDA
530,INSTITUTO UNIVERSITARIO AVEPANE,14,14,EDO. MIRANDA
531,ACADEMIA MILITAR DE VENEZUELA,1,1,DTTO. CAPITAL
532,ESCUELA DE FORMACIÓN DE OFICIALES DE LA GUARDIA NACIONAL,1,1,DTTO. CAPITAL
533,INSTITUTO UNIVERSITARIO MILITAR DE COMUNICACIONES Y ELECTRÓNICA DE LA FUERZA ARMADA NACIONAL,1,1,DTTO. CAPITAL
534,INSTITUTO UNIVERSITARIO MILITAR ESCUELA DE SUB-OFICIALES DE LA ARMADA,21,21,EDO. LA GUAIRA
535,INSTITUTO UNIVERSITARIO DE TECNOLOGÍA AGROINDUSTRIAL REGIÓN LOS ANDES,19,19,EDO. TACHIRA
536,INSTITUTO UNIVERSITARIO EXPERIMENTAL DE TECNOLOGÍA Y AGRICULTURA SIMÓN BOLÍVAR,5,5,EDO. BARINAS
537,COLEGIO UNIVERSITARIO HOTEL ESCUELA DE LOS ANDES VENEZOLANOS,13,13,EDO. MERIDA
538,"INSTITUTO UNIVERSITARIO MILITAR DE LA GUARDIA NACIONAL ""CORONEL (F) ANICETO CUBILLÁN JAIMES""",19,19,EDO. TACHIRA
539,INSTITUTO UNIVERSITARIO DE TECNOLOGÍA DE CUMANÁ,18,18,EDO. SUCRE
541,INSTITUTO UNIVERSITARIO DE TECNOLOGÍA DE CARIPITO,15,15,EDO. MONAGAS
542,INSTITUTO UNIVERSITARIO DE TECNOLOGÍA JACINTO NAVARRO VALLENILLA,18,18,EDO. SUCRE
543,INSTITUTO UNIVERSITARIO DE TECNOLOGÍA DE MARACAIBO,23,23,EDO. ZULIA
544,INSTITUTO UNIVERSITARIO DE TECNOLOGÍA DE CABIMAS,23,23,EDO. ZULIA
545,INSTITUTO UNIVERSITARIO DE MERCADOTECNIA,4,4,EDO. ARAGUA
546,UNIVERSIDAD PRIVADA NUEVA ESPARTA,1,1,DTTO. CAPITAL
550,INSTITUTO UNIVERSITARIO DE TECNOLOGÍA DE PUERTO CABELLO,10,10,EDO. FALCON
551,INSTITUTO UNIVERSITARIO DE TECNOLOGÍA DEL ESTADO BARINAS,5,5,EDO. BARINAS
552,INSTITUTO MILITAR UNIVERSITARIO DE TECNOLOGIA DE LA GUARDIA NACIONAL,14,14,EDO. MIRANDA
553,INSTITUTO MILITAR UNIVERSITARIO DE TECNOLOGIA DE LA GUARDIA NACIONAL,19,19,EDO. TACHIRA
554,INSTITUTO MILITAR UNIVERSITARIO DE TECNOLOGIA DE LA GUARDIA NACIONAL,15,15,EDO. MONAGAS
555,INSTITUTO MILITAR UNIVERSITARIO DE TECNOLOGIA DE LA GUARDIA NACIONAL,16,16,EDO. NUEVA ESPARTA
556,INSTITUTO MILITAR UNIVERSITARIO DE TECNOLOGIA DE LA GUARDIA NACIONAL,2,2,EDO. ANZOATEGUI
557,INSTITUTO MILITAR UNIVERSITARIO DE TECNOLOGIA DE LA GUARDIA NACIONAL,21,21,EDO. LA GUAIRA
558,INSTITUTO MILITAR UNIVERSITARIO DE TECNOLOGIA DE LA GUARDIA NACIONAL,4,4,EDO. ARAGUA
559,INSTITUTO MILITAR UNIVERSITARIO DE TECNOLOGIA DE LA GUARDIA NACIONAL,5,5,EDO. BARINAS
560,UNIVERSIDAD NACIONAL EXPERIMENTAL DE LAS ARTES (UNEARTE),1,1,DTTO. CAPITAL
561,UNIVERSIDAD SANTA INÉS,5,5,EDO. BARINAS
562,"INSTITUTO UNIVERSITARIO EXPERIMENTAL DE TECNOLOGÍA DEL MUNICIPIO GARCIA DE HEVIA, LA FRÍA",19,19,EDO. TACHIRA
563,"INSTITUTO UNIVERSITARIO \""ESCUELA DE FORMACIÓN DE OFICIALES TÉCNICOS DE LA FUERZA ARMADA NACIONAL BO",4,4,EDO. ARAGUA
565,"UNIVERSIDAD NACIONAL EXPERIMENTAL DEL MAGISTERIO ""SAMUEL ROBINSON""",23,23,EDO. ZULIA
566,"UNIVERSIDAD NACIONAL EXPERIMENTAL DEL MAGISTERIO ""SAMUEL ROBINSON""",22,22,EDO. YARACUY
567,"UNIVERSIDAD NACIONAL EXPERIMENTAL DEL MAGISTERIO ""SAMUEL ROBINSON""",20,20,EDO . TRUJILLO
568,"UNIVERSIDAD NACIONAL EXPERIMENTAL DEL MAGISTERIO ""SAMUEL ROBINSON""",19,19,EDO. TACHIRA
569,"UNIVERSIDAD NACIONAL EXPERIMENTAL DEL MAGISTERIO ""SAMUEL ROBINSON""",18,18,EDO. SUCRE
570,"UNIVERSIDAD NACIONAL EXPERIMENTAL DEL MAGISTERIO ""SAMUEL ROBINSON""",17,17,EDO. PORTUGUESA
571,"UNIVERSIDAD NACIONAL EXPERIMENTAL DEL MAGISTERIO ""SAMUEL ROBINSON""",16,16,EDO. NUEVA ESPARTA
572,"UNIVERSIDAD NACIONAL EXPERIMENTAL DEL MAGISTERIO ""SAMUEL ROBINSON""",15,15,EDO. MONAGAS
573,"UNIVERSIDAD NACIONAL EXPERIMENTAL DEL MAGISTERIO ""SAMUEL ROBINSON""",14,14,EDO. MIRANDA
574,"UNIVERSIDAD NACIONAL EXPERIMENTAL DEL MAGISTERIO ""SAMUEL ROBINSON""",13,13,EDO. MERIDA
575,"UNIVERSIDAD NACIONAL EXPERIMENTAL DEL MAGISTERIO ""SAMUEL ROBINSON""",12,12,EDO. LARA
576,"UNIVERSIDAD NACIONAL EXPERIMENTAL DEL MAGISTERIO ""SAMUEL ROBINSON""",21,21,EDO. LA GUAIRA
577,"UNIVERSIDAD NACIONAL EXPERIMENTAL DEL MAGISTERIO ""SAMUEL ROBINSON""",11,11,EDO. GUARICO
578,"UNIVERSIDAD NACIONAL EXPERIMENTAL DEL MAGISTERIO ""SAMUEL ROBINSON""",10,10,EDO. FALCON
579,"UNIVERSIDAD NACIONAL EXPERIMENTAL DEL MAGISTERIO ""SAMUEL ROBINSON""",1,1,DTTO. CAPITAL
580,"UNIVERSIDAD NACIONAL EXPERIMENTAL DEL MAGISTERIO ""SAMUEL ROBINSON""",9,9,EDO. DELTA AMACURO
581,"UNIVERSIDAD NACIONAL EXPERIMENTAL DEL MAGISTERIO ""SAMUEL ROBINSON""",8,8,EDO. COJEDES
582,"UNIVERSIDAD NACIONAL EXPERIMENTAL DEL MAGISTERIO ""SAMUEL ROBINSON""",7,7,EDO. CARABOBO
583,"UNIVERSIDAD NACIONAL EXPERIMENTAL DEL MAGISTERIO ""SAMUEL ROBINSON""",6,6,EDO. BOLIVAR
584,"UNIVERSIDAD NACIONAL EXPERIMENTAL DEL MAGISTERIO ""SAMUEL ROBINSON""",5,5,EDO. BARINAS
585,"UNIVERSIDAD NACIONAL EXPERIMENTAL DEL MAGISTERIO ""SAMUEL ROBINSON""",3,3,EDO. APURE
586,"UNIVERSIDAD NACIONAL EXPERIMENTAL DEL MAGISTERIO ""SAMUEL ROBINSON""",2,2,EDO. ANZOATEGUI
587,"UNIVERSIDAD NACIONAL EXPERIMENTAL DEL MAGISTERIO ""SAMUEL ROBINSON""",4,4,EDO. ARAGUA
588,"INSTITUTO UNIVERSITARIO DE AERONÁUTICA CIVIL \""MAYOR (AV)  MIGUEL RODRÍGUEZ\""",4,4,EDO. ARAGUA
589,UNIVERSIDAD NACIONAL EXPERIMENTAL DE ESPECIALIDADES ELÉCTRICAS,6,6,EDO. BOLIVAR
590,UNIVERSIDAD NACIONAL EXPERIMENTAL DE ESPECIALIDADES ELÉCTRICAS,10,10,EDO. FALCON
591,UNIVERSIDAD AUDIOVISUAL DE VENEZUELA,14,14,EDO. MIRANDA
592,INSTITUTO UNIVERSITARIO DE TECNOLOGÍA  DE FORMACIÓN DE SUBOFICIALES PROFESIONALES DEL EJÉRCITO GENER,4,4,EDO. ARAGUA
72,UNIVERSIDAD DE LAS CIENCIAS DE LA SALUD HUGO CHÁVEZ FRÍAS,1,1,EDO. AMAZONAS
564,UNIVERSIDAD NACIONAL EXPERIMENTAL DEL MAGISTERIO SAMUEL ROBINSON,1,1,EDO. AMAZONAS
83,UNIVERSIDAD POLITÉCNICA TERRITORIAL  JOSÉ ANTONIO ANZOÁTEGUI,2,2,EDO. ANZOATEGUI
596,UNIVERSIDAD DE ORIENTE,2,2,EDO. ANZOATEGUI
599,"UNIVERSIDAD POLITÉCNICA TERRITORIAL  ""JOSÉ ANTONIO ANZOÁTEGUI""",2,2,EDO. ANZOATEGUI
601,UNIVERSIDAD NACIONAL ABIERTA,2,2,EDO. ANZOATEGUI
602,"UNIVERSIDAD DE LAS CIENCIAS DE LA SALUD ""HUGO CHÁVEZ FRÍAS""",2,2,EDO. ANZOATEGUI
603,UNIVERSIDAD NACIONAL EXPERIMENTAL SIMÓN RODRÍGUEZ,2,2,EDO. ANZOATEGUI
604,UNIVERSIDAD NACIONAL ABIERTA,2,2,EDO. ANZOATEGUI
605,"UNIVERSIDAD POLITÉCNICA TERRITORIAL  ""JOSÉ ANTONIO ANZOÁTEGUI""",2,2,EDO. ANZOATEGUI
606,"UNIVERSIDAD POLITÉCNICA TERRITORIAL DEL ALTO APURE ""PEDRO CAMEJO""",3,3,EDO. APURE
607,UNIVERSIDAD NACIONAL ABIERTA,3,3,EDO. APURE
608,UNIVERSIDAD NACIONAL ABIERTA,3,3,EDO. APURE
609,"UNIVERSIDAD POLITÉCNICA TERRITORIAL DEL ALTO APURE ""PEDRO CAMEJO""",3,3,EDO. APURE
610,UNIVERSIDAD NACIONAL EXPERIMENTAL SIMÓN RODRÍGUEZ,3,3,EDO. APURE
611,UNIVERSIDAD NACIONAL EXPERIMENTAL DE LOS LLANOS OCCIDENTALES EZEQUIEL ZAMORA,3,3,EDO. APURE
612,UNIVERSIDAD NACIONAL EXPERIMENTAL SIMÓN RODRÍGUEZ,3,3,EDO. APURE
613,UNIVERSIDAD MILITAR BOLIVARIANA DE VENEZUELA,4,4,EDO. ARAGUA
593,INSTITUTO UNIVERSITARIO DE TECNOLOGÍA DE ADMINISTRACIÓN INDUSTRIAL,2,2,EDO. ANZOATEGUI
597,INSTITUTO UNIVERSITARIO DE TECNOLOGÍA ANTONIO JOSÉ DE SUCRE,2,2,EDO. ANZOATEGUI
595,INSTITUTO UNIVERSITARIO PEDAGÓGICO MONSEÑOR RAFAEL ARIAS BLANCO,2,2,EDO. ANZOATEGUI
548,INSTITUTO UNIVERSITARIO DE TECNOLOGÍA INDUSTRIAL RODOLFO LOERO ARISMENDI,23,23,EDO. ZULIA
549,INSTITUTO UNIVERSITARIO EXPERIMENTAL DE TECNOLOGÍA LA VICTORIA,4,4,EDO. ARAGUA
547,INSTITUTO UNIVERSITARIO DE EDUCACIÓN ESPECIALIZADA,1,1,DTTO. CAPITAL
620,UNIVERSIDAD NACIONAL EXPERIMENTAL POLITÉCNICA DE LA FUERZA ARMADA NACIONAL,4,4,EDO. ARAGUA
623,"UNIVERSIDAD POLITÉCNICA TERRITORIAL DEL ESTADO BARINAS ""JOSÉ FELIX RIBAS""",5,5,EDO. BARINAS
61,UNIVERSIDAD NACIONAL EXPERIMENTAL SIMÓN RODRÍGUEZ,5,5,EDO. BARINAS
625,"UNIVERSIDAD POLITÉCNICA TERRITORIAL DEL ESTADO BARINAS ""JOSÉ FELIX RIBAS""",5,5,EDO. BARINAS
626,UNIVERSIDAD NACIONAL EXPERIMENTAL POLITÉCNICA DE LA FUERZA ARMADA NACIONAL,5,5,EDO. BARINAS
628,UNIVERSIDAD NACIONAL EXPERIMENTAL POLITÉCNICA DE LA FUERZA ARMADA NACIONAL,6,6,EDO. BOLIVAR
629,UNIVERSIDAD NACIONAL EXPERIMENTAL SIMÓN RODRÍGUEZ,6,6,EDO. BOLIVAR
630,UNIVERSIDAD NACIONAL EXPERIMENTAL POLITÉCNICA DE LA FUERZA ARMADA NACIONAL,6,6,EDO. BOLIVAR
633,UNIVERSIDAD DE ORIENTE,6,6,EDO. BOLIVAR
634,UNIVERSIDAD NACIONAL EXPERIMENTAL POLITÉCNICA DE LA FUERZA ARMADA NACIONAL,6,6,EDO. BOLIVAR
635,UNIVERSIDAD NACIONAL EXPERIMENTAL DE GUAYANA,6,6,EDO. BOLIVAR
636,UNIVERSIDAD NACIONAL ABIERTA,6,6,EDO. BOLIVAR
637,UNIVERSIDAD NACIONAL EXPERIMENTAL DE GUAYANA,6,6,EDO. BOLIVAR
638,UNIVERSIDAD NACIONAL EXPERIMENTAL SIMÓN RODRÍGUEZ,6,6,EDO. BOLIVAR
639,UNIVERSIDAD NACIONAL EXPERIMENTAL SIMÓN RODRÍGUEZ,7,7,EDO. CARABOBO
641,UNIVERSIDAD NACIONAL EXPERIMENTAL POLITÉCNICA DE LA FUERZA ARMADA NACIONAL,7,7,EDO. CARABOBO
644,UNIVERSIDAD NACIONAL EXPERIMENTAL POLITÉCNICA DE LA FUERZA ARMADA NACIONAL,7,7,EDO. CARABOBO
645,UNIVERSIDAD NACIONAL ABIERTA,7,7,EDO. CARABOBO
647,UNIVERSIDAD NACIONAL EXPERIMENTAL POLITÉCNICA DE LA FUERZA ARMADA NACIONAL,7,7,EDO. CARABOBO
649,UNIVERSIDAD NACIONAL EXPERIMENTAL FRANCISCO DE MIRANDA,8,8,EDO. COJEDES
650,UNIVERSIDAD NACIONAL EXPERIMENTAL FRANCISCO DE MIRANDA,8,8,EDO. COJEDES
651,UNIVERSIDAD NACIONAL EXPERIMENTAL FRANCISCO DE MIRANDA,8,8,EDO. COJEDES
652,UNIVERSIDAD NACIONAL EXPERIMENTAL DE LAS ARTES (UNEARTE-ARTES PLÁSTICAS),1,1,DTTO. CAPITAL
653,UNIVERSIDAD MILITAR BOLIVARIANA DE VENEZUELA,1,1,DTTO. CAPITAL
654,UNIVERSIDAD NACIONAL EXPERIMENTAL DEL MAGISTERIO SAMUEL ROBINSON,1,1,DTTO. CAPITAL
657,UNIVERSIDAD NACIONAL ABIERTA,10,10,EDO. FALCON
658,UNIVERSIDAD NACIONAL ABIERTA,10,10,EDO. FALCON
659,UNIVERSIDAD NACIONAL ABIERTA,10,10,EDO. FALCON
660,UNIVERSIDAD NACIONAL EXPERIMENTAL FRANCISCO DE MIRANDA,10,10,EDO. FALCON
661,UNIVERSIDAD NACIONAL EXPERIMENTAL FRANCISCO DE MIRANDA,10,10,EDO. FALCON
662,UNIVERSIDAD NACIONAL EXPERIMENTAL FRANCISCO DE MIRANDA,10,10,EDO. FALCON
663,UNIVERSIDAD NACIONAL EXPERIMENTAL FRANCISCO DE MIRANDA,10,10,EDO. FALCON
664,UNIVERSIDAD NACIONAL EXPERIMENTAL FRANCISCO DE MIRANDA,10,10,EDO. FALCON
665,UNIVERSIDAD NACIONAL EXPERIMENTAL FRANCISCO DE MIRANDA,10,10,EDO. FALCON
666,UNIVERSIDAD NACIONAL EXPERIMENTAL FRANCISCO DE MIRANDA,10,10,EDO. FALCON
667,UNIVERSIDAD NACIONAL EXPERIMENTAL FRANCISCO DE MIRANDA,10,10,EDO. FALCON
668,UNIVERSIDAD NACIONAL EXPERIMENTAL FRANCISCO DE MIRANDA,10,10,EDO. FALCON
669,UNIVERSIDAD NACIONAL EXPERIMENTAL FRANCISCO DE MIRANDA,10,10,EDO. FALCON
670,UNIVERSIDAD NACIONAL EXPERIMENTAL POLITÉCNICA DE LA FUERZA ARMADA NACIONAL,11,11,EDO. GUARICO
671,UNIVERSIDAD NACIONAL EXPERIMENTAL POLITÉCNICA DE LA FUERZA ARMADA NACIONAL,11,11,EDO. GUARICO
672,INSTITUTO UNIVERSITARIO DE TECNOLOGÍA DE LOS LLANOS,11,11,EDO. GUARICO
673,UNIVERSIDAD POLITÉCNICA TERRITORIAL  DE LOS LLANOS JUANA RAMÍREZ,11,11,EDO. GUARICO
674,UNIVERSIDAD POLITÉCNICA TERRITORIAL  DE LOS LLANOS JUANA RAMÍREZ,11,11,EDO. GUARICO
675,INSTITUTO UNIVERSITARIO DE TECNOLOGÍA DE LOS LLANOS,11,11,EDO. GUARICO
676,UNIVERSIDAD NACIONAL ABIERTA,11,11,EDO. GUARICO
677,UNIVERSIDAD NACIONAL EXPERIMENTAL SIMÓN RODRÍGUEZ,11,11,EDO. GUARICO
678,UNIVERSIDAD NACIONAL EXPERIMENTAL POLITÉCNICA DE LA FUERZA ARMADA NACIONAL,11,11,EDO. GUARICO
679,UNIVERSIDAD NACIONAL EXPERIMENTAL SIMÓN RODRÍGUEZ,11,11,EDO. GUARICO
680,UNIVERSIDAD NACIONAL EXPERIMENTAL DE LOS LLANOS CENTRALES RÓMULO GALLEGOS,11,11,EDO. GUARICO
681,UNIVERSIDAD NACIONAL EXPERIMENTAL DE LA GRAN CARACAS,21,21,EDO. LA GUAIRA
682,UNIVERSIDAD NACIONAL ABIERTA,12,12,EDO. LARA
683,INSTITUTO UNIVERSITARIO DE TECNOLOGÍA DE EJIDO,13,13,EDO. MERIDA
684,INSTITUTO UNIVERSITARIO DE TECNOLOGÍA DE EJIDO,13,13,EDO. MERIDA
685,"UNIVERSIDAD POLITÉCNICA TERRITORIAL DEL ESTADO MÉRIDA ""KLÉBER RAMÍREZ""",13,13,EDO. MERIDA
686,UNIVERSIDAD NACIONAL EXPERIMENTAL POLITÉCNICA DE LA FUERZA ARMADA NACIONAL,13,13,EDO. MERIDA
646,INSTITUTO UNIVERSITARIO DE TECNOLOGÍA DE ADMINISTRACIÓN INDUSTRIAL,7,7,EDO. CARABOBO
643,INSTITUTO UNIVERSITARIO DE TECNOLOGÍA JUAN PABLO PÉREZ ALFONZO,7,7,EDO. CARABOBO
687,INSTITUTO UNIVERSITARIO POLITÉCNICO SANTIAGO MARIÑO,13,13,EDO. MERIDA
631,INSTITUTO UNIVERSITARIO DE TECNOLOGÍA INDUSTRIAL RODOLFO LOERO ARISMENDI,6,6,EDO. BOLIVAR
617,INSTITUTO UNIVERSITARIO CARLOS SOUBLETTE,4,4,EDO. ARAGUA
615,INSTITUTO UNIVERSITARIO DE TECNOLOGÍA ANTONIO RICAURTE,4,4,EDO. ARAGUA
619,INSTITUTO UNIVERSITARIO DE TECNOLOGÍA ANTONIO RICAURTE,4,4,EDO. ARAGUA
614,"UNIVERSIDAD POLITÉCNICA TERRITORIAL DEL ESTADO ARAGUA ""FEDERICO BRITO FIGUEROA""",4,4,EDO. ARAGUA
621,"UNIVERSIDAD POLITÉCNICA TERRITORIAL DEL ESTADO ARAGUA ""FEDERICO BRITO FIGUEROA""",4,4,EDO. ARAGUA
618,INSTITUTO UNIVERSITARIO EXPERIMENTAL DE TECNOLOGÍA LA VICTORIA,4,4,EDO. ARAGUA
616,INSTITUTO UNIVERSITARIO DE CIENCIAS ADMINISTRATIVAS Y FISCALES,4,4,EDO. ARAGUA
640,COLEGIO UNIVERSITARIO DE ADMINISTRACIÓN Y MERCADEO,7,7,EDO. CARABOBO
642,COLEGIO UNIVERSITARIO DE ADMINISTRACIÓN Y MERCADEO,7,7,EDO. CARABOBO
622,INSTITUTO UNIVERSITARIO DE TECNOLOGÍA CORONEL AGUSTÍN CODAZZI,5,5,EDO. BARINAS
627,INSTITUTO UNIVERSITARIO DE TECNOLOGÍA DEL MAR,6,6,EDO. BOLIVAR
648,INSTITUTO UNIVERSITARIO DE TECNOLOGÍA INDUSTRIAL,7,7,EDO. CARABOBO
688,UNIVERSIDAD NACIONAL ABIERTA,13,13,EDO. MERIDA
689,INSTITUTO UNIVERSITARIO DE TECNOLOGÍA DEL OESTE MARISCAL SUCRE,14,14,EDO. MIRANDA
690,UNIVERSIDAD NACIONAL EXPERIMENTAL SIMÓN RODRÍGUEZ,14,14,EDO. MIRANDA
691,UNIVERSIDAD NACIONAL EXPERIMENTAL POLITÉCNICA DE LA FUERZA ARMADA NACIONAL,14,14,EDO. MIRANDA
692,UNIVERSIDAD NACIONAL ABIERTA,14,14,EDO. MIRANDA
693,UNIVERSIDAD NACIONAL ABIERTA,14,14,EDO. MIRANDA
694,UNIVERSIDAD NACIONAL ABIERTA,14,14,EDO. MIRANDA
695,UNIVERSIDAD NACIONAL EXPERIMENTAL DE LA GRAN CARACAS,14,14,EDO. MIRANDA
697,UNIVERSIDAD NACIONAL EXPERIMENTAL SIMÓN RODRÍGUEZ,14,14,EDO. MIRANDA
699,UNIVERSIDAD NACIONAL EXPERIMENTAL POLITÉCNICA DE LA FUERZA ARMADA NACIONAL,14,14,EDO. MIRANDA
701,UNIVERSIDAD NACIONAL EXPERIMENTAL SIMÓN RODRÍGUEZ,13,13,EDO. MERIDA
702,UNIVERSIDAD NACIONAL ABIERTA,15,15,EDO. MONAGAS
703,UNIVERSIDAD NACIONAL ABIERTA,15,15,EDO. MONAGAS
704,UNIVERSIDAD NACIONAL ABIERTA,15,15,EDO. MONAGAS
705,UNIVERSIDAD NACIONAL ABIERTA,15,15,EDO. MONAGAS
706,UNIVERSIDAD NACIONAL EXPERIMENTAL POLITÉCNICA DE LA FUERZA ARMADA NACIONAL,15,15,EDO. MONAGAS
707,UNIVERSIDAD TERRITORIAL DELTAICA FRANCISCO TAMAYO,15,15,EDO. MONAGAS
708,UNIVERSIDAD TERRITORIAL DELTAICA FRANCISCO TAMAYO,15,15,EDO. MONAGAS
710,INSTITUTO UNIVERSITARIO DE TECNOLOGÍA DEL ESTADO PORTUGUESA,17,17,EDO. PORTUGUESA
712,UNIVERSIDAD NACIONAL EXPERIMENTAL POLITÉCNICA DE LA FUERZA ARMADA NACIONAL,17,17,EDO. PORTUGUESA
713,UNIVERSIDAD NACIONAL ABIERTA,17,17,EDO. PORTUGUESA
714,UNIVERSIDAD NACIONAL ABIERTA,17,17,EDO. PORTUGUESA
715,INSTITUTO UNIVERSITARIO DE TECNOLOGÍA DEL ESTADO PORTUGUESA,17,17,EDO. PORTUGUESA
716,UNIVERSIDAD NACIONAL EXPERIMENTAL POLITÉCNICA DE LA FUERZA ARMADA NACIONAL,17,17,EDO. PORTUGUESA
717,UNIVERSIDAD POLITÉCNICA TERRITORIAL DEL ESTADO PORTUGUESA,17,17,EDO. PORTUGUESA
718,UNIVERSIDAD NACIONAL ABIERTA,18,18,EDO. SUCRE
719,UNIVERSIDAD NACIONAL ABIERTA,18,18,EDO. SUCRE
720,UNIVERSIDAD NACIONAL EXPERIMENTAL POLITÉCNICA DE LA FUERZA ARMADA NACIONAL,18,18,EDO. SUCRE
721,UNIVERSIDAD NACIONAL ABIERTA,18,18,EDO. SUCRE
723,INSTITUTO UNIVERSITARIO MILITAR DE LA GUARDIA NACIONAL CORONEL (F) ANICETO CUBILLÁN JAIMES,19,19,EDO. TACHIRA
71,INSTITUTO MILITAR UNIVERSITARIO DE TECNOLOGIA DE LA GUARDIA NACIONAL,19,19,EDO. TACHIRA
725,INSTITUTO UNIVERSITARIO DE TECNOLOGÍA AGROINDUSTRIAL REGIÓN LOS ANDES,19,19,EDO. TACHIRA
727,UNIVERSIDAD NACIONAL EXPERIMENTAL POLITÉCNICA DE LA FUERZA ARMADA NACIONAL,19,19,EDO. TACHIRA
728,UNIVERSIDAD NACIONAL ABIERTA,20,20,EDO . TRUJILLO
730,UNIVERSIDAD POLITÉCNICA TERRITORIAL DEL ESTADO TRUJILLO MARIO BRICEÑO IRAGORRY,20,20,EDO . TRUJILLO
731,UNIVERSIDAD NACIONAL EXPERIMENTAL FRANCISCO DE MIRANDA,22,22,EDO. YARACUY
732,UNIVERSIDAD NACIONAL EXPERIMENTAL POLITÉCNICA DE LA FUERZA ARMADA NACIONAL,22,22,EDO. YARACUY
734,UNIVERSIDAD NACIONAL EXPERIMENTAL FRANCISCO DE MIRANDA,22,22,EDO. YARACUY
735,UNIVERSIDAD NACIONAL EXPERIMENTAL POLITÉCNICA DE LA FUERZA ARMADA NACIONAL,22,22,EDO. YARACUY
736,UNIVERSIDAD NACIONAL EXPERIMENTAL FRANCISCO DE MIRANDA,22,22,EDO. YARACUY
737,UNIVERSIDAD NACIONAL EXPERIMENTAL FRANCISCO DE MIRANDA,22,22,EDO. YARACUY
738,INSTITUTO UNIVERSITARIO DE TECNOLOGÍA DE CABIMAS,23,23,EDO. ZULIA
739,UNIVERSIDAD POLITÉCNICA TERRITORIAL DEL ZULIA,23,23,EDO. ZULIA
740,INSTITUTO UNIVERSITARIO DE TECNOLOGÍA DE MARACAIBO,23,23,EDO. ZULIA
743,UNIVERSIDAD NACIONAL ABIERTA,23,23,EDO. ZULIA
748,INSTITUTO UNIVERSITARIO DE TECNOLOGÍA DE MARACAIBO,23,23,EDO. ZULIA
749,UNIVERSIDAD POLITÉCNICA TERRITORIAL DE MARACAIBO,23,23,EDO. ZULIA
753,UNIVERSIDAD NACIONAL EXPERIMENTAL FRANCISCO DE MIRANDA,10,10,EDO. FALCON
754,UNIVERSIDAD NACIONAL EXPERIMENTAL FRANCISCO DE MIRANDA,10,10,EDO. FALCON
755,UNIVERSIDAD NACIONAL EXPERIMENTAL FRANCISCO DE MIRANDA,10,10,EDO. FALCON
756,UNIVERSIDAD NACIONAL EXPERIMENTAL FRANCISCO DE MIRANDA,10,10,EDO. FALCON
151,INSTITUTO UNIVERSITARIO DE TECNOLOGÍA AMAZONAS,1,1,EDO. AMAZONAS
259,UNIVERSIDAD NORORIENTAL PRIVADA GRAN MARISCAL DE AYACUCHO,2,2,EDO. ANZOATEGUI
260,UNIVERSIDAD NORORIENTAL PRIVADA GRAN MARISCAL DE AYACUCHO,6,6,EDO. BOLIVAR
261,UNIVERSIDAD NORORIENTAL PRIVADA GRAN MARISCAL DE AYACUCHO,15,15,EDO. MONAGAS
262,UNIVERSIDAD NORORIENTAL PRIVADA GRAN MARISCAL DE AYACUCHO,18,18,EDO. SUCRE
594,UNIVERSIDAD NORORIENTAL PRIVADA GRAN MARISCAL DE AYACUCHO,2,2,EDO. ANZOATEGUI
598,UNIVERSIDAD NORORIENTAL PRIVADA GRAN MARISCAL DE AYACUCHO,2,2,EDO. ANZOATEGUI
632,UNIVERSIDAD NORORIENTAL PRIVADA GRAN MARISCAL DE AYACUCHO,6,6,EDO. BOLIVAR
746,INSTITUTO UNIVERSITARIO DE TECNOLOGÍA JUAN PABLO PÉREZ ALFONZO,23,23,EDO. ZULIA
733,INSTITUTO UNIVERSITARIO PEDAGÓGICO MONSEÑOR RAFAEL ARIAS BLANCO,22,22,EDO. YARACUY
742,INSTITUTO UNIVERSITARIO PEDAGÓGICO MONSEÑOR RAFAEL ARIAS BLANCO,23,23,EDO. ZULIA
744,INSTITUTO UNIVERSITARIO POLITÉCNICO SANTIAGO MARIÑO,23,23,EDO. ZULIA
745,INSTITUTO UNIVERSITARIO DE TECNOLOGÍA PEDRO EMILIO COLL,23,23,EDO. ZULIA
741,COLEGIO UNIVERSITARIO MONSEÑOR DE TALAVERA,23,23,EDO. ZULIA
709,INSTITUTO UNIVERSITARIO DE TECNOLOGÍA PARA LA INFORMÁTICA,17,17,EDO. PORTUGUESA
711,COLEGIO UNIVERSITARIO FERMÍN TORO,17,17,EDO. PORTUGUESA
700,INSTITUTO UNIVERSITARIO DE TECNOLOGÍA CRISTÓBAL MENDOZA,13,13,EDO. MERIDA
722,INSTITUTO UNIVERSITARIO DE LA FRONTERA,19,19,EDO. TACHIRA
726,INSTITUTO UNIVERSITARIO DE LA FRONTERA,19,19,EDO. TACHIRA
698,INSTITUTO UNIVERSITARIO DE TECNOLOGÍA RUFINO BLANCO FOMBONA,14,14,EDO. MIRANDA
729,INSTITUTO UNIVERSITARIO DE EDUCACIÓN ESPECIALIZADA,20,20,EDO . TRUJILLO
752,INSTITUTO UNIVERSITARIO DE EDUCACIÓN ESPECIALIZADA,23,23,EDO. ZULIA
747,INSTITUTO UNIVERSITARIO DE TECNOLOGÍA READIC,23,23,EDO. ZULIA
169,INSTITUTO UNIVERSITARIO DE TECNOLOGÍA DE ADMINISTRACIÓN INDUSTRIAL,1,1,DTTO. CAPITAL
170,INSTITUTO UNIVERSITARIO DE TECNOLOGÍA DE ADMINISTRACIÓN INDUSTRIAL,2,2,EDO. ANZOATEGUI
171,INSTITUTO UNIVERSITARIO DE TECNOLOGÍA DE ADMINISTRACIÓN INDUSTRIAL,4,4,EDO. ARAGUA
172,INSTITUTO UNIVERSITARIO DE TECNOLOGÍA DE ADMINISTRACIÓN INDUSTRIAL,7,7,EDO. CARABOBO
600,INSTITUTO UNIVERSITARIO DE TECNOLOGÍA DE ADMINISTRACIÓN INDUSTRIAL,2,2,EDO. ANZOATEGUI
153,INSTITUTO UNIVERSITARIO DE TECNOLOGÍA ANTONIO JOSÉ DE SUCRE,2,2,EDO. ANZOATEGUI
154,INSTITUTO UNIVERSITARIO DE TECNOLOGÍA ANTONIO JOSÉ DE SUCRE,4,4,EDO. ARAGUA
155,INSTITUTO UNIVERSITARIO DE TECNOLOGÍA ANTONIO JOSÉ DE SUCRE,5,5,EDO. BARINAS
156,INSTITUTO UNIVERSITARIO DE TECNOLOGÍA ANTONIO JOSÉ DE SUCRE,6,6,EDO. BOLIVAR
157,INSTITUTO UNIVERSITARIO DE TECNOLOGÍA ANTONIO JOSÉ DE SUCRE,7,7,EDO. CARABOBO
158,INSTITUTO UNIVERSITARIO DE TECNOLOGÍA ANTONIO JOSÉ DE SUCRE,10,10,EDO. FALCON
159,INSTITUTO UNIVERSITARIO DE TECNOLOGÍA ANTONIO JOSÉ DE SUCRE,12,12,EDO. LARA
160,INSTITUTO UNIVERSITARIO DE TECNOLOGÍA ANTONIO JOSÉ DE SUCRE,13,13,EDO. MERIDA
161,INSTITUTO UNIVERSITARIO DE TECNOLOGÍA ANTONIO JOSÉ DE SUCRE,14,14,EDO. MIRANDA
696,INSTITUTO UNIVERSITARIO DE TECNOLOGÍA ANTONIO JOSÉ DE SUCRE,14,14,EDO. MIRANDA
202,INSTITUTO UNIVERSITARIO DE TECNOLOGÍA JUAN PABLO PÉREZ ALFONZO,23,23,EDO. ZULIA
751,INSTITUTO UNIVERSITARIO DE TECNOLOGÍA JUAN PABLO PÉREZ ALFONZO,23,23,EDO. ZULIA
232,INSTITUTO UNIVERSITARIO PEDAGÓGICO MONSEÑOR RAFAEL ARIAS BLANCO,11,11,EDO. GUARICO
233,INSTITUTO UNIVERSITARIO PEDAGÓGICO MONSEÑOR RAFAEL ARIAS BLANCO,22,22,EDO. YARACUY
234,INSTITUTO UNIVERSITARIO PEDAGÓGICO MONSEÑOR RAFAEL ARIAS BLANCO,23,23,EDO. ZULIA
750,INSTITUTO UNIVERSITARIO PEDAGÓGICO MONSEÑOR RAFAEL ARIAS BLANCO,23,23,EDO. ZULIA
239,INSTITUTO UNIVERSITARIO POLITÉCNICO SANTIAGO MARIÑO,7,7,EDO. CARABOBO
10,INSTITUTO UNIVERSITARIO POLITÉCNICO SANTIAGO MARIÑO,13,13,EDO. MERIDA
11,INSTITUTO UNIVERSITARIO POLITÉCNICO SANTIAGO MARIÑO,14,14,EDO. MIRANDA
12,INSTITUTO UNIVERSITARIO POLITÉCNICO SANTIAGO MARIÑO,15,15,EDO. MONAGAS
13,INSTITUTO UNIVERSITARIO POLITÉCNICO SANTIAGO MARIÑO,16,16,EDO. NUEVA ESPARTA
14,INSTITUTO UNIVERSITARIO POLITÉCNICO SANTIAGO MARIÑO,19,19,EDO. TACHIRA
15,INSTITUTO UNIVERSITARIO POLITÉCNICO SANTIAGO MARIÑO,23,23,EDO. ZULIA
192,INSTITUTO UNIVERSITARIO DE TECNOLOGÍA INDUSTRIAL RODOLFO LOERO ARISMENDI,16,16,EDO. NUEVA ESPARTA
193,INSTITUTO UNIVERSITARIO DE TECNOLOGÍA INDUSTRIAL RODOLFO LOERO ARISMENDI,18,18,EDO. SUCRE
194,INSTITUTO UNIVERSITARIO DE TECNOLOGÍA INDUSTRIAL RODOLFO LOERO ARISMENDI,20,20,EDO . TRUJILLO
195,INSTITUTO UNIVERSITARIO DE TECNOLOGÍA INDUSTRIAL RODOLFO LOERO ARISMENDI,21,21,EDO. LA GUAIRA
655,INSTITUTO UNIVERSITARIO DE TECNOLOGÍA INDUSTRIAL RODOLFO LOERO ARISMENDI,1,1,DTTO. CAPITAL
656,INSTITUTO UNIVERSITARIO DE TECNOLOGÍA INDUSTRIAL RODOLFO LOERO ARISMENDI,1,1,DTTO. CAPITAL
514,INSTITUTO UNIVERSITARIO EXPERIMENTAL DE TECNOLOGÍA LA VICTORIA,7,7,EDO. CARABOBO
757,UNIVERSIDAD BOLIVARIANA DE LOS TRABAJADORES JESÚS RIVERO,15,15,EDO. MONAGAS
70,UNIVERSIDAD BOLIVARIANA DE LOS TRABAJADORES JESÚS RIVERO,15,15,EDO. MONAGAS
758,UNIVERSIDAD NACIONAL EXPERIMENTAL FRANCISCO DE MIRANDA,10,10,EDO. FALCON
